loan_id,origination_month,fpd_flag,balance_usd,term_months,product_tier,state_code
SYN-000001,2023-01,0,13925.44,18,near_prime,TX
SYN-000002,2023-01,0,1362.55,12,standard,CA
SYN-000003,2023-01,0,13473.55,36,standard,CA
SYN-000004,2023-01,0,3625.97,36,standard,WA
SYN-000005,2023-01,0,7524.71,24,near_prime,CA
SYN-000006,2023-01,0,10291.24,36,standard,WA
SYN-000007,2023-01,0,13270.92,12,standard,TX
SYN-000008,2023-01,0,18557.28,36,subprime,WA
SYN-000009,2023-01,0,7088.29,24,near_prime,TX
SYN-000010,2023-01,0,3829.15,18,standard,NY
SYN-000011,2023-01,1,15718.48,12,standard,WA
SYN-000012,2023-01,0,1971.54,24,standard,OH
SYN-000013,2023-01,0,3271.46,24,near_prime,GA
SYN-000014,2023-01,0,18452.67,18,standard,CA
SYN-000015,2023-01,0,4031.09,18,subprime,TX
SYN-000016,2023-01,0,11347.23,36,standard,CA
SYN-000017,2023-01,0,2827.57,24,standard,IL
SYN-000018,2023-01,0,8830.91,24,standard,TX
SYN-000019,2023-01,0,6994.84,18,subprime,CA
SYN-000020,2023-01,0,9448.32,12,standard,IL
SYN-000021,2023-01,0,5063.43,12,near_prime,TX
SYN-000022,2023-01,0,11763.23,18,subprime,FL
SYN-000023,2023-01,0,16242.06,36,standard,NY
SYN-000024,2023-01,0,7862.16,24,standard,TX
SYN-000025,2023-01,0,1933.26,12,near_prime,NY
SYN-000026,2023-01,0,13328.78,12,near_prime,WA
SYN-000027,2023-01,0,5012.68,36,near_prime,OH
SYN-000028,2023-01,0,9171.62,36,near_prime,GA
SYN-000029,2023-01,0,8076.51,12,standard,TX
SYN-000030,2023-01,0,13689.38,12,near_prime,OH
SYN-000031,2023-01,0,4047.74,36,near_prime,OH
SYN-000032,2023-01,0,18343.21,12,subprime,CA
SYN-000033,2023-01,0,19776.2,18,subprime,NY
SYN-000034,2023-01,0,19289.22,18,subprime,IL
SYN-000035,2023-01,0,16901.31,24,subprime,OH
SYN-000036,2023-01,0,6051.73,12,near_prime,WA
SYN-000037,2023-01,0,11139.94,18,near_prime,FL
SYN-000038,2023-01,0,2002.91,18,near_prime,NY
SYN-000039,2023-01,0,1503.43,12,standard,WA
SYN-000040,2023-01,0,5077.7,24,subprime,IL
SYN-000041,2023-01,0,17243.62,12,standard,TX
SYN-000042,2023-01,0,4572.83,24,near_prime,TX
SYN-000043,2023-01,0,8441.72,18,subprime,IL
SYN-000044,2023-01,0,18274.03,12,standard,TX
SYN-000045,2023-01,0,3653.5,12,subprime,FL
SYN-000046,2023-01,0,11505.49,24,standard,IL
SYN-000047,2023-01,0,5244.85,12,standard,IL
SYN-000048,2023-01,0,6703.95,18,near_prime,OH
SYN-000049,2023-01,0,8370.06,12,standard,FL
SYN-000050,2023-01,1,15572.33,18,standard,WA
SYN-000051,2023-01,0,17125.07,12,subprime,NY
SYN-000052,2023-01,0,7060.11,36,standard,NY
SYN-000053,2023-01,1,20790.67,18,subprime,WA
SYN-000054,2023-01,0,8087.32,18,standard,TX
SYN-000055,2023-01,0,1485.43,36,standard,OH
SYN-000056,2023-01,0,15323.49,18,standard,GA
SYN-000057,2023-01,0,16099.05,24,standard,WA
SYN-000058,2023-01,0,3267.78,24,subprime,IL
SYN-000059,2023-01,0,11359.31,24,near_prime,TX
SYN-000060,2023-01,0,11005.61,24,standard,NY
SYN-000061,2023-01,0,2038.54,24,standard,TX
SYN-000062,2023-01,0,6115.7,24,standard,IL
SYN-000063,2023-01,0,4195.57,36,standard,IL
SYN-000064,2023-01,0,15556.94,24,standard,WA
SYN-000065,2023-01,0,8626.23,18,standard,FL
SYN-000066,2023-01,0,5823.02,24,standard,NY
SYN-000067,2023-01,1,4776.14,18,standard,OH
SYN-000068,2023-01,0,14402.26,36,standard,NY
SYN-000069,2023-01,0,7596.42,36,standard,CA
SYN-000070,2023-01,0,18434.27,12,subprime,OH
SYN-000071,2023-01,0,5210.81,12,near_prime,WA
SYN-000072,2023-01,0,19064.97,36,subprime,FL
SYN-000073,2023-01,0,9201.74,24,standard,IL
SYN-000074,2023-01,0,10027.01,18,standard,IL
SYN-000075,2023-01,0,6744.5,12,near_prime,FL
SYN-000076,2023-01,0,1936.85,36,standard,CA
SYN-000077,2023-01,0,8236.54,12,near_prime,GA
SYN-000078,2023-01,0,17486.53,24,standard,GA
SYN-000079,2023-01,0,13803.02,18,standard,OH
SYN-000080,2023-01,0,6749.49,36,near_prime,FL
SYN-000081,2023-01,0,11792.09,36,subprime,TX
SYN-000082,2023-01,0,3201.88,36,standard,WA
SYN-000083,2023-01,0,6585.17,36,near_prime,GA
SYN-000084,2023-01,1,2249.74,12,standard,WA
SYN-000085,2023-01,0,2014.55,12,near_prime,NY
SYN-000086,2023-01,0,13567.29,18,subprime,NY
SYN-000087,2023-01,0,5335.51,24,standard,TX
SYN-000088,2023-01,1,3698.65,24,standard,IL
SYN-000089,2023-01,0,16872.06,36,standard,TX
SYN-000090,2023-01,0,15501.12,18,standard,TX
SYN-000091,2023-01,0,10817.01,12,standard,WA
SYN-000092,2023-01,0,12261.52,12,near_prime,TX
SYN-000093,2023-01,0,7210.73,36,standard,IL
SYN-000094,2023-01,0,17077.23,36,standard,IL
SYN-000095,2023-01,0,5145.26,12,standard,OH
SYN-000096,2023-01,0,12626.94,24,standard,FL
SYN-000097,2023-01,0,7080.4,24,standard,IL
SYN-000098,2023-01,0,9944.3,18,standard,OH
SYN-000099,2023-01,0,5053.73,36,standard,CA
SYN-000100,2023-01,0,4722.26,18,near_prime,OH
SYN-000101,2023-01,0,6884.51,24,standard,IL
SYN-000102,2023-01,0,2935.61,18,standard,FL
SYN-000103,2023-01,0,13873.3,24,near_prime,IL
SYN-000104,2023-01,0,17868.15,24,subprime,CA
SYN-000105,2023-01,0,3040.52,12,standard,FL
SYN-000106,2023-01,0,14124.42,12,standard,OH
SYN-000107,2023-01,0,6830.5,12,standard,TX
SYN-000108,2023-01,0,9076.4,12,subprime,FL
SYN-000109,2023-01,0,10762.26,24,near_prime,GA
SYN-000110,2023-01,0,14796.11,18,standard,OH
SYN-000111,2023-01,0,11216.89,36,standard,TX
SYN-000112,2023-01,1,5149.52,18,subprime,NY
SYN-000113,2023-01,0,2128.65,12,near_prime,OH
SYN-000114,2023-01,0,4897.13,24,standard,NY
SYN-000115,2023-01,0,16956.24,18,subprime,FL
SYN-000116,2023-01,0,17746.08,12,subprime,IL
SYN-000117,2023-01,0,9095.95,24,standard,OH
SYN-000118,2023-01,0,11385.25,36,standard,CA
SYN-000119,2023-01,0,17825.83,12,near_prime,IL
SYN-000120,2023-01,0,14307.03,18,standard,IL
SYN-000121,2023-01,0,11160.33,36,near_prime,GA
SYN-000122,2023-01,0,12661.36,18,standard,IL
SYN-000123,2023-01,0,7888.0,12,standard,WA
SYN-000124,2023-01,0,14474.1,12,near_prime,GA
SYN-000125,2023-01,0,9976.38,36,near_prime,NY
SYN-000126,2023-01,0,3118.93,24,standard,TX
SYN-000127,2023-01,0,11951.39,18,near_prime,CA
SYN-000128,2023-01,0,2449.8,12,standard,FL
SYN-000129,2023-02,0,6860.84,24,subprime,OH
SYN-000130,2023-02,0,10557.39,36,near_prime,FL
SYN-000131,2023-02,0,6543.02,36,subprime,IL
SYN-000132,2023-02,0,6677.19,24,subprime,OH
SYN-000133,2023-02,0,10009.47,36,subprime,GA
SYN-000134,2023-02,0,6495.46,18,standard,GA
SYN-000135,2023-02,0,14527.14,12,near_prime,GA
SYN-000136,2023-02,1,12547.29,18,standard,WA
SYN-000137,2023-02,0,18714.15,36,subprime,CA
SYN-000138,2023-02,0,8056.62,18,standard,IL
SYN-000139,2023-02,0,13060.87,12,standard,GA
SYN-000140,2023-02,1,13678.5,36,subprime,TX
SYN-000141,2023-02,0,12913.87,24,near_prime,GA
SYN-000142,2023-02,0,16397.33,12,subprime,CA
SYN-000143,2023-02,0,14891.74,24,near_prime,NY
SYN-000144,2023-02,0,10816.93,18,standard,GA
SYN-000145,2023-02,0,5062.69,18,standard,OH
SYN-000146,2023-02,0,966.33,36,standard,FL
SYN-000147,2023-02,0,17530.67,24,near_prime,IL
SYN-000148,2023-02,0,6147.55,36,standard,GA
SYN-000149,2023-02,0,10974.17,24,standard,GA
SYN-000150,2023-02,0,10816.94,12,standard,IL
SYN-000151,2023-02,0,4873.1,24,standard,IL
SYN-000152,2023-02,0,13560.43,18,standard,CA
SYN-000153,2023-02,0,8602.57,24,standard,IL
SYN-000154,2023-02,0,8154.4,18,standard,WA
SYN-000155,2023-02,0,16968.72,18,standard,OH
SYN-000156,2023-02,0,6927.6,24,subprime,TX
SYN-000157,2023-02,0,17907.05,36,near_prime,WA
SYN-000158,2023-02,0,7783.97,24,near_prime,IL
SYN-000159,2023-02,0,15356.79,24,standard,CA
SYN-000160,2023-02,0,17494.09,24,standard,TX
SYN-000161,2023-02,0,9017.54,24,standard,CA
SYN-000162,2023-02,0,7115.34,36,subprime,FL
SYN-000163,2023-02,0,7366.9,36,standard,GA
SYN-000164,2023-02,0,15556.37,36,standard,WA
SYN-000165,2023-02,0,8671.12,18,near_prime,WA
SYN-000166,2023-02,0,18107.81,24,standard,TX
SYN-000167,2023-02,0,17696.41,12,subprime,CA
SYN-000168,2023-02,0,6703.11,18,near_prime,NY
SYN-000169,2023-02,0,15191.04,18,standard,CA
SYN-000170,2023-02,0,18217.3,18,standard,TX
SYN-000171,2023-02,0,1256.31,12,standard,WA
SYN-000172,2023-02,0,5497.0,18,near_prime,TX
SYN-000173,2023-02,0,14570.9,12,standard,CA
SYN-000174,2023-02,0,16884.9,24,standard,CA
SYN-000175,2023-02,0,18166.76,36,subprime,OH
SYN-000176,2023-02,0,2229.99,18,near_prime,WA
SYN-000177,2023-02,0,11373.84,24,standard,TX
SYN-000178,2023-02,0,2825.13,18,standard,GA
SYN-000179,2023-02,0,8826.93,36,standard,WA
SYN-000180,2023-02,0,7425.13,18,standard,TX
SYN-000181,2023-02,0,2817.7,12,subprime,FL
SYN-000182,2023-02,0,11180.43,24,standard,GA
SYN-000183,2023-02,0,15597.19,24,subprime,NY
SYN-000184,2023-02,0,9334.75,12,near_prime,TX
SYN-000185,2023-02,0,10961.57,36,standard,CA
SYN-000186,2023-02,0,12443.61,24,standard,IL
SYN-000187,2023-02,0,8065.08,18,subprime,GA
SYN-000188,2023-02,0,13915.15,12,near_prime,GA
SYN-000189,2023-02,0,6833.86,24,standard,TX
SYN-000190,2023-02,0,4086.83,12,subprime,GA
SYN-000191,2023-02,0,8624.18,24,standard,WA
SYN-000192,2023-02,0,5813.46,36,standard,NY
SYN-000193,2023-02,0,11408.05,12,standard,FL
SYN-000194,2023-02,0,5923.21,12,standard,FL
SYN-000195,2023-02,0,10226.71,18,near_prime,WA
SYN-000196,2023-02,0,16053.23,12,near_prime,TX
SYN-000197,2023-02,0,12639.58,36,subprime,TX
SYN-000198,2023-02,0,17901.73,18,standard,WA
SYN-000199,2023-02,0,15747.37,18,near_prime,TX
SYN-000200,2023-02,0,6291.86,24,standard,TX
SYN-000201,2023-02,0,2818.27,18,standard,FL
SYN-000202,2023-02,0,3392.06,18,near_prime,TX
SYN-000203,2023-02,0,14479.41,36,near_prime,OH
SYN-000204,2023-02,0,16412.25,24,standard,FL
SYN-000205,2023-02,0,9099.9,24,standard,WA
SYN-000206,2023-02,0,6294.22,36,standard,IL
SYN-000207,2023-02,0,16097.23,12,near_prime,OH
SYN-000208,2023-02,0,17689.9,12,standard,NY
SYN-000209,2023-02,0,9218.63,18,standard,WA
SYN-000210,2023-02,0,2636.52,18,subprime,OH
SYN-000211,2023-02,0,11593.56,24,standard,GA
SYN-000212,2023-02,0,12816.49,12,standard,TX
SYN-000213,2023-02,0,10675.95,36,standard,FL
SYN-000214,2023-02,0,11114.49,18,standard,GA
SYN-000215,2023-02,0,13346.36,12,near_prime,WA
SYN-000216,2023-02,0,14560.22,12,subprime,WA
SYN-000217,2023-02,0,6266.93,18,near_prime,NY
SYN-000218,2023-02,0,3234.91,12,near_prime,CA
SYN-000219,2023-02,0,16312.15,18,standard,FL
SYN-000220,2023-02,1,16615.7,18,subprime,WA
SYN-000221,2023-02,0,5004.28,36,standard,OH
SYN-000222,2023-02,0,5033.28,36,near_prime,OH
SYN-000223,2023-02,0,5787.36,36,standard,FL
SYN-000224,2023-02,1,17229.63,18,subprime,OH
SYN-000225,2023-02,0,12207.68,12,subprime,TX
SYN-000226,2023-02,0,14307.17,24,standard,GA
SYN-000227,2023-02,0,16915.94,36,near_prime,GA
SYN-000228,2023-02,0,9685.53,18,near_prime,NY
SYN-000229,2023-02,0,17275.62,24,near_prime,IL
SYN-000230,2023-02,0,10536.82,18,subprime,CA
SYN-000231,2023-02,0,1306.82,18,subprime,GA
SYN-000232,2023-02,0,5899.4,24,near_prime,OH
SYN-000233,2023-02,1,15609.37,36,near_prime,NY
SYN-000234,2023-02,0,5955.51,12,standard,GA
SYN-000235,2023-02,0,12627.4,24,near_prime,CA
SYN-000236,2023-02,0,9121.39,36,standard,CA
SYN-000237,2023-02,0,1995.8,18,standard,WA
SYN-000238,2023-02,0,7035.69,24,near_prime,OH
SYN-000239,2023-02,1,10660.5,18,subprime,OH
SYN-000240,2023-02,0,4368.16,18,near_prime,IL
SYN-000241,2023-02,0,18307.47,36,standard,NY
SYN-000242,2023-02,0,16059.85,12,standard,TX
SYN-000243,2023-02,0,8534.04,36,standard,GA
SYN-000244,2023-02,0,4106.66,36,standard,IL
SYN-000245,2023-02,0,15719.74,12,subprime,FL
SYN-000246,2023-02,0,6485.44,12,standard,OH
SYN-000247,2023-02,1,8342.25,36,standard,WA
SYN-000248,2023-02,0,8498.45,12,standard,WA
SYN-000249,2023-02,0,14073.19,18,standard,OH
SYN-000250,2023-02,0,1990.03,24,near_prime,CA
SYN-000251,2023-02,0,12819.4,24,standard,FL
SYN-000252,2023-03,0,6364.62,24,standard,FL
SYN-000253,2023-03,0,7649.68,12,standard,OH
SYN-000254,2023-03,0,11630.23,36,near_prime,TX
SYN-000255,2023-03,0,16706.62,36,standard,WA
SYN-000256,2023-03,0,13358.87,24,standard,FL
SYN-000257,2023-03,0,9804.98,12,standard,NY
SYN-000258,2023-03,0,1265.23,24,standard,FL
SYN-000259,2023-03,0,2326.01,24,standard,OH
SYN-000260,2023-03,0,14414.21,12,standard,TX
SYN-000261,2023-03,0,12837.93,24,standard,FL
SYN-000262,2023-03,0,3083.88,12,standard,IL
SYN-000263,2023-03,0,6511.1,18,near_prime,IL
SYN-000264,2023-03,0,6021.07,24,subprime,TX
SYN-000265,2023-03,0,3784.86,18,standard,WA
SYN-000266,2023-03,0,12392.45,12,subprime,IL
SYN-000267,2023-03,1,14375.17,36,standard,IL
SYN-000268,2023-03,0,6147.07,18,standard,IL
SYN-000269,2023-03,0,12988.46,18,standard,NY
SYN-000270,2023-03,0,3342.94,24,standard,GA
SYN-000271,2023-03,0,7358.56,12,near_prime,IL
SYN-000272,2023-03,0,3293.53,12,standard,GA
SYN-000273,2023-03,0,16115.94,18,near_prime,WA
SYN-000274,2023-03,0,3620.36,36,near_prime,CA
SYN-000275,2023-03,0,7760.39,36,near_prime,WA
SYN-000276,2023-03,1,5780.01,36,near_prime,TX
SYN-000277,2023-03,0,16419.47,24,standard,GA
SYN-000278,2023-03,0,10744.16,24,near_prime,OH
SYN-000279,2023-03,0,5751.06,12,standard,WA
SYN-000280,2023-03,0,6801.81,24,standard,GA
SYN-000281,2023-03,0,1601.87,18,standard,OH
SYN-000282,2023-03,0,16608.43,18,near_prime,FL
SYN-000283,2023-03,0,11712.06,24,standard,OH
SYN-000284,2023-03,0,6106.29,12,standard,GA
SYN-000285,2023-03,0,14902.56,12,standard,NY
SYN-000286,2023-03,0,11128.36,18,standard,GA
SYN-000287,2023-03,0,12848.87,12,near_prime,NY
SYN-000288,2023-03,0,6352.36,18,near_prime,OH
SYN-000289,2023-03,0,15897.97,12,subprime,WA
SYN-000290,2023-03,0,10657.24,36,subprime,WA
SYN-000291,2023-03,0,12762.87,24,standard,NY
SYN-000292,2023-03,0,6083.44,24,standard,OH
SYN-000293,2023-03,0,6973.82,24,standard,GA
SYN-000294,2023-03,0,8950.71,24,subprime,IL
SYN-000295,2023-03,0,17709.05,12,near_prime,IL
SYN-000296,2023-03,0,4587.57,24,standard,FL
SYN-000297,2023-03,0,13913.77,18,near_prime,NY
SYN-000298,2023-03,0,1729.09,36,standard,FL
SYN-000299,2023-03,0,10541.24,18,near_prime,OH
SYN-000300,2023-03,0,4330.37,24,standard,TX
SYN-000301,2023-03,0,4910.3,12,standard,FL
SYN-000302,2023-03,0,1659.7,36,subprime,IL
SYN-000303,2023-03,0,1108.63,12,subprime,OH
SYN-000304,2023-03,0,11978.88,36,subprime,OH
SYN-000305,2023-03,0,15116.01,24,standard,IL
SYN-000306,2023-03,0,1049.29,24,standard,NY
SYN-000307,2023-03,0,15953.79,36,near_prime,TX
SYN-000308,2023-03,0,2488.32,18,standard,CA
SYN-000309,2023-03,0,4968.73,24,standard,CA
SYN-000310,2023-03,0,7164.07,18,standard,IL
SYN-000311,2023-03,0,12943.5,24,near_prime,IL
SYN-000312,2023-03,0,4709.03,18,standard,WA
SYN-000313,2023-03,0,10521.45,36,standard,NY
SYN-000314,2023-03,0,12842.05,12,standard,WA
SYN-000315,2023-03,0,10785.79,12,near_prime,NY
SYN-000316,2023-03,0,3452.39,24,standard,NY
SYN-000317,2023-03,0,9452.26,36,standard,GA
SYN-000318,2023-03,0,1821.94,36,standard,CA
SYN-000319,2023-03,1,15251.22,18,standard,WA
SYN-000320,2023-03,1,10378.59,12,standard,OH
SYN-000321,2023-03,0,8036.94,18,near_prime,GA
SYN-000322,2023-03,0,16576.6,36,standard,GA
SYN-000323,2023-03,0,17865.36,18,near_prime,FL
SYN-000324,2023-03,0,8920.71,18,subprime,CA
SYN-000325,2023-03,0,18119.29,36,standard,GA
SYN-000326,2023-03,0,5958.11,24,subprime,TX
SYN-000327,2023-03,0,12485.5,12,near_prime,CA
SYN-000328,2023-03,1,12694.82,12,standard,OH
SYN-000329,2023-03,0,4645.67,12,near_prime,NY
SYN-000330,2023-03,0,15810.04,24,subprime,WA
SYN-000331,2023-03,0,16309.77,18,near_prime,FL
SYN-000332,2023-03,0,8361.45,36,standard,GA
SYN-000333,2023-03,0,6441.6,36,standard,FL
SYN-000334,2023-03,0,9181.28,18,standard,OH
SYN-000335,2023-03,0,12367.37,36,subprime,NY
SYN-000336,2023-03,0,6645.65,12,standard,TX
SYN-000337,2023-03,0,15480.49,12,standard,CA
SYN-000338,2023-03,0,4750.06,18,subprime,WA
SYN-000339,2023-03,0,16889.2,18,standard,TX
SYN-000340,2023-03,0,14151.65,18,standard,GA
SYN-000341,2023-03,0,12157.57,24,subprime,WA
SYN-000342,2023-03,0,7165.71,36,standard,OH
SYN-000343,2023-03,0,6468.13,18,standard,NY
SYN-000344,2023-03,0,1087.09,36,standard,NY
SYN-000345,2023-03,0,15550.52,36,standard,WA
SYN-000346,2023-03,0,15342.18,36,standard,WA
SYN-000347,2023-03,0,13549.55,36,near_prime,CA
SYN-000348,2023-03,0,15651.51,12,standard,CA
SYN-000349,2023-03,0,15713.04,18,standard,NY
SYN-000350,2023-03,1,7405.65,36,standard,GA
SYN-000351,2023-03,0,10170.69,24,near_prime,GA
SYN-000352,2023-03,0,19438.44,12,subprime,NY
SYN-000353,2023-03,0,10118.27,24,near_prime,WA
SYN-000354,2023-03,0,10262.9,18,subprime,TX
SYN-000355,2023-03,0,15990.48,12,standard,OH
SYN-000356,2023-03,0,967.27,18,near_prime,WA
SYN-000357,2023-03,0,15985.9,12,standard,NY
SYN-000358,2023-03,0,16165.67,36,near_prime,IL
SYN-000359,2023-03,0,12390.24,12,subprime,CA
SYN-000360,2023-03,0,12869.12,36,subprime,NY
SYN-000361,2023-03,0,15835.13,24,standard,TX
SYN-000362,2023-03,0,18045.52,12,standard,TX
SYN-000363,2023-03,0,14411.4,36,standard,IL
SYN-000364,2023-03,0,8774.74,18,standard,GA
SYN-000365,2023-03,0,11169.99,36,near_prime,NY
SYN-000366,2023-03,0,2252.07,18,standard,FL
SYN-000367,2023-03,0,6405.2,12,standard,OH
SYN-000368,2023-03,0,5574.87,18,standard,GA
SYN-000369,2023-03,0,2386.25,12,near_prime,GA
SYN-000370,2023-03,0,8124.44,12,near_prime,NY
SYN-000371,2023-03,0,3801.62,36,standard,IL
SYN-000372,2023-03,0,1919.83,36,standard,TX
SYN-000373,2023-03,0,17512.73,36,standard,TX
SYN-000374,2023-03,0,919.78,36,near_prime,WA
SYN-000375,2023-03,0,8421.91,18,standard,NY
SYN-000376,2023-04,0,17872.97,24,standard,OH
SYN-000377,2023-04,0,16837.09,24,subprime,GA
SYN-000378,2023-04,0,17297.59,18,standard,CA
SYN-000379,2023-04,0,10316.32,18,subprime,TX
SYN-000380,2023-04,0,17115.59,36,subprime,IL
SYN-000381,2023-04,0,12458.33,36,near_prime,OH
SYN-000382,2023-04,0,10258.3,36,standard,WA
SYN-000383,2023-04,0,15177.66,12,standard,WA
SYN-000384,2023-04,0,11644.4,36,near_prime,GA
SYN-000385,2023-04,0,2545.34,18,near_prime,NY
SYN-000386,2023-04,1,7723.07,18,standard,TX
SYN-000387,2023-04,0,17093.69,12,standard,FL
SYN-000388,2023-04,0,6872.28,18,standard,TX
SYN-000389,2023-04,1,13132.71,24,standard,TX
SYN-000390,2023-04,0,6872.48,12,near_prime,NY
SYN-000391,2023-04,0,10568.81,24,standard,NY
SYN-000392,2023-04,0,11946.76,18,standard,CA
SYN-000393,2023-04,0,16430.82,36,standard,NY
SYN-000394,2023-04,0,14116.16,12,near_prime,FL
SYN-000395,2023-04,0,4288.21,12,standard,WA
SYN-000396,2023-04,0,11620.16,12,standard,FL
SYN-000397,2023-04,0,15290.39,24,subprime,FL
SYN-000398,2023-04,0,5022.74,12,standard,GA
SYN-000399,2023-04,0,3240.25,36,standard,FL
SYN-000400,2023-04,0,9466.66,18,standard,CA
SYN-000401,2023-04,0,20294.74,36,subprime,OH
SYN-000402,2023-04,0,9503.55,36,standard,CA
SYN-000403,2023-04,0,4703.37,12,standard,FL
SYN-000404,2023-04,0,10812.01,36,standard,TX
SYN-000405,2023-04,0,10412.98,24,standard,OH
SYN-000406,2023-04,0,18319.03,12,standard,NY
SYN-000407,2023-04,0,18487.83,36,standard,TX
SYN-000408,2023-04,0,18393.05,18,standard,WA
SYN-000409,2023-04,0,13341.88,36,subprime,NY
SYN-000410,2023-04,0,17314.74,24,subprime,FL
SYN-000411,2023-04,0,13261.75,24,standard,TX
SYN-000412,2023-04,0,14076.67,36,near_prime,FL
SYN-000413,2023-04,0,3148.63,18,standard,GA
SYN-000414,2023-04,0,11020.43,24,standard,TX
SYN-000415,2023-04,0,16378.21,12,standard,WA
SYN-000416,2023-04,0,9438.39,12,standard,TX
SYN-000417,2023-04,0,8914.55,24,standard,GA
SYN-000418,2023-04,0,8404.68,18,near_prime,IL
SYN-000419,2023-04,0,11029.43,36,standard,CA
SYN-000420,2023-04,0,11883.38,36,near_prime,FL
SYN-000421,2023-04,0,811.96,36,standard,FL
SYN-000422,2023-04,0,7064.47,24,subprime,TX
SYN-000423,2023-04,0,16797.26,18,standard,NY
SYN-000424,2023-04,0,2414.23,12,standard,FL
SYN-000425,2023-04,0,9994.16,36,standard,TX
SYN-000426,2023-04,0,9516.2,18,subprime,TX
SYN-000427,2023-04,0,2612.96,24,standard,GA
SYN-000428,2023-04,0,14130.89,18,standard,TX
SYN-000429,2023-04,0,950.0,18,standard,FL
SYN-000430,2023-04,1,13460.23,36,subprime,TX
SYN-000431,2023-04,0,2979.88,36,near_prime,FL
SYN-000432,2023-04,0,12209.78,18,near_prime,IL
SYN-000433,2023-04,0,13021.43,24,standard,NY
SYN-000434,2023-04,0,6031.09,12,standard,NY
SYN-000435,2023-04,0,2795.56,36,standard,CA
SYN-000436,2023-04,0,19930.03,18,subprime,GA
SYN-000437,2023-04,0,12888.07,36,standard,CA
SYN-000438,2023-04,0,1044.14,18,standard,GA
SYN-000439,2023-04,0,11925.7,36,standard,FL
SYN-000440,2023-04,0,6285.35,18,standard,WA
SYN-000441,2023-04,0,12027.01,12,standard,NY
SYN-000442,2023-04,0,2325.97,36,near_prime,CA
SYN-000443,2023-04,0,13927.98,18,standard,CA
SYN-000444,2023-04,0,17668.39,24,near_prime,IL
SYN-000445,2023-04,0,2889.6,12,standard,TX
SYN-000446,2023-04,0,18058.4,12,standard,CA
SYN-000447,2023-04,0,10833.88,24,standard,TX
SYN-000448,2023-04,1,9806.2,12,near_prime,CA
SYN-000449,2023-04,0,7578.74,18,standard,CA
SYN-000450,2023-04,0,16976.87,36,standard,WA
SYN-000451,2023-04,0,2178.6,24,standard,CA
SYN-000452,2023-04,0,15036.78,12,near_prime,OH
SYN-000453,2023-04,0,16665.15,24,subprime,CA
SYN-000454,2023-04,0,5961.23,24,standard,WA
SYN-000455,2023-04,0,9532.48,18,standard,NY
SYN-000456,2023-04,0,17303.44,12,near_prime,CA
SYN-000457,2023-04,0,949.76,36,subprime,TX
SYN-000458,2023-04,0,18201.15,36,near_prime,FL
SYN-000459,2023-04,0,2446.57,18,standard,WA
SYN-000460,2023-04,0,14037.82,12,standard,GA
SYN-000461,2023-04,0,10850.43,36,near_prime,IL
SYN-000462,2023-04,0,6375.66,36,standard,WA
SYN-000463,2023-04,0,4934.92,18,standard,TX
SYN-000464,2023-04,0,3709.44,36,near_prime,WA
SYN-000465,2023-04,0,5146.44,24,subprime,TX
SYN-000466,2023-04,0,12943.17,12,near_prime,FL
SYN-000467,2023-04,0,5193.47,24,near_prime,IL
SYN-000468,2023-04,0,18334.98,12,standard,NY
SYN-000469,2023-04,0,2603.76,18,near_prime,NY
SYN-000470,2023-04,0,15379.02,24,near_prime,TX
SYN-000471,2023-04,0,5381.13,12,standard,OH
SYN-000472,2023-04,0,2792.23,24,subprime,CA
SYN-000473,2023-04,0,10957.75,36,near_prime,GA
SYN-000474,2023-04,0,4600.48,18,near_prime,FL
SYN-000475,2023-04,0,11759.42,18,near_prime,OH
SYN-000476,2023-04,0,5752.03,18,near_prime,NY
SYN-000477,2023-04,0,14998.38,12,standard,WA
SYN-000478,2023-04,0,14631.4,24,standard,GA
SYN-000479,2023-04,0,1261.31,18,standard,IL
SYN-000480,2023-04,0,18350.1,24,near_prime,FL
SYN-000481,2023-04,0,12426.5,24,near_prime,CA
SYN-000482,2023-04,0,17576.1,36,standard,FL
SYN-000483,2023-04,1,11287.6,24,near_prime,WA
SYN-000484,2023-04,0,12392.21,18,subprime,OH
SYN-000485,2023-04,0,3907.35,12,standard,NY
SYN-000486,2023-04,0,9260.41,24,near_prime,FL
SYN-000487,2023-04,0,3941.04,24,standard,FL
SYN-000488,2023-04,0,15782.71,24,standard,GA
SYN-000489,2023-04,0,6757.13,24,standard,GA
SYN-000490,2023-04,0,17803.72,24,standard,WA
SYN-000491,2023-04,0,11224.42,18,near_prime,IL
SYN-000492,2023-04,0,13700.31,36,near_prime,CA
SYN-000493,2023-04,0,6432.44,18,near_prime,OH
SYN-000494,2023-04,0,13992.58,18,near_prime,TX
SYN-000495,2023-04,0,14558.35,24,subprime,NY
SYN-000496,2023-04,1,7003.52,12,standard,OH
SYN-000497,2023-04,0,17953.1,36,standard,GA
SYN-000498,2023-04,0,9286.96,18,near_prime,CA
SYN-000499,2023-05,0,5421.96,12,near_prime,GA
SYN-000500,2023-05,0,2127.54,12,near_prime,OH
SYN-000501,2023-05,0,8434.42,18,standard,CA
SYN-000502,2023-05,0,4438.24,18,near_prime,IL
SYN-000503,2023-05,0,6063.99,12,standard,OH
SYN-000504,2023-05,0,7186.67,36,near_prime,OH
SYN-000505,2023-05,0,1255.52,18,near_prime,OH
SYN-000506,2023-05,0,7196.53,36,subprime,IL
SYN-000507,2023-05,0,10431.03,18,near_prime,FL
SYN-000508,2023-05,0,5460.34,36,standard,CA
SYN-000509,2023-05,0,13127.54,12,near_prime,GA
SYN-000510,2023-05,0,12923.88,12,subprime,GA
SYN-000511,2023-05,0,14905.27,36,subprime,IL
SYN-000512,2023-05,0,16779.16,12,near_prime,FL
SYN-000513,2023-05,0,14202.24,18,near_prime,NY
SYN-000514,2023-05,0,3488.52,36,subprime,NY
SYN-000515,2023-05,0,13687.19,24,subprime,TX
SYN-000516,2023-05,0,10647.65,24,near_prime,CA
SYN-000517,2023-05,0,11828.13,36,standard,TX
SYN-000518,2023-05,0,12373.43,12,subprime,WA
SYN-000519,2023-05,0,6296.5,36,subprime,FL
SYN-000520,2023-05,0,3346.19,36,standard,WA
SYN-000521,2023-05,0,1672.45,36,standard,CA
SYN-000522,2023-05,0,14847.64,24,standard,TX
SYN-000523,2023-05,0,5560.07,24,subprime,WA
SYN-000524,2023-05,0,8176.88,12,standard,GA
SYN-000525,2023-05,0,14243.03,24,standard,FL
SYN-000526,2023-05,0,13359.38,36,near_prime,CA
SYN-000527,2023-05,0,16290.7,18,near_prime,OH
SYN-000528,2023-05,0,7178.64,18,near_prime,GA
SYN-000529,2023-05,0,2992.55,12,standard,OH
SYN-000530,2023-05,0,16207.51,24,near_prime,IL
SYN-000531,2023-05,1,12992.65,24,standard,NY
SYN-000532,2023-05,0,14097.42,18,subprime,CA
SYN-000533,2023-05,0,20606.1,12,subprime,FL
SYN-000534,2023-05,0,949.81,24,standard,IL
SYN-000535,2023-05,0,7463.62,24,standard,IL
SYN-000536,2023-05,1,15390.3,36,standard,WA
SYN-000537,2023-05,0,11309.77,24,standard,TX
SYN-000538,2023-05,0,5693.75,24,standard,IL
SYN-000539,2023-05,0,9956.1,18,near_prime,GA
SYN-000540,2023-05,0,12849.38,12,standard,IL
SYN-000541,2023-05,0,9155.61,12,subprime,NY
SYN-000542,2023-05,0,13426.64,36,standard,IL
SYN-000543,2023-05,0,18031.2,18,subprime,IL
SYN-000544,2023-05,0,10694.86,18,standard,TX
SYN-000545,2023-05,0,4752.9,24,near_prime,WA
SYN-000546,2023-05,0,6004.7,12,standard,TX
SYN-000547,2023-05,0,4243.43,12,standard,IL
SYN-000548,2023-05,0,16214.03,18,standard,GA
SYN-000549,2023-05,0,19093.86,36,subprime,FL
SYN-000550,2023-05,1,9430.18,18,standard,OH
SYN-000551,2023-05,0,14273.12,18,standard,TX
SYN-000552,2023-05,0,8476.69,36,near_prime,GA
SYN-000553,2023-05,0,10247.95,24,near_prime,NY
SYN-000554,2023-05,0,872.99,18,near_prime,IL
SYN-000555,2023-05,0,7588.84,24,near_prime,IL
SYN-000556,2023-05,0,10200.38,24,subprime,FL
SYN-000557,2023-05,0,16754.49,24,standard,GA
SYN-000558,2023-05,1,4770.49,18,near_prime,FL
SYN-000559,2023-05,0,13386.65,12,near_prime,CA
SYN-000560,2023-05,1,1648.9,12,standard,TX
SYN-000561,2023-05,0,7530.49,24,standard,CA
SYN-000562,2023-05,0,12511.46,24,standard,GA
SYN-000563,2023-05,0,3055.53,12,subprime,OH
SYN-000564,2023-05,0,4335.56,24,near_prime,WA
SYN-000565,2023-05,0,6027.72,12,standard,OH
SYN-000566,2023-05,0,848.46,12,standard,OH
SYN-000567,2023-05,0,2394.46,12,near_prime,IL
SYN-000568,2023-05,1,8884.5,24,standard,FL
SYN-000569,2023-05,0,18267.52,24,subprime,TX
SYN-000570,2023-05,0,14220.21,12,near_prime,FL
SYN-000571,2023-05,0,16633.14,24,standard,WA
SYN-000572,2023-05,0,7893.76,36,near_prime,OH
SYN-000573,2023-05,0,12284.58,18,standard,CA
SYN-000574,2023-05,0,18106.74,12,subprime,OH
SYN-000575,2023-05,0,7521.59,24,near_prime,FL
SYN-000576,2023-05,1,9439.77,36,standard,WA
SYN-000577,2023-05,0,16169.48,18,near_prime,WA
SYN-000578,2023-05,0,12981.88,12,standard,OH
SYN-000579,2023-05,0,12770.43,36,standard,CA
SYN-000580,2023-05,0,17338.37,36,near_prime,TX
SYN-000581,2023-05,1,6475.22,24,standard,NY
SYN-000582,2023-05,0,7501.89,18,standard,OH
SYN-000583,2023-05,0,9622.67,24,near_prime,CA
SYN-000584,2023-05,0,8098.39,12,near_prime,IL
SYN-000585,2023-05,0,12366.28,36,subprime,CA
SYN-000586,2023-05,0,18106.08,24,subprime,OH
SYN-000587,2023-05,0,7230.31,36,standard,NY
SYN-000588,2023-05,0,7085.96,24,near_prime,TX
SYN-000589,2023-05,0,3705.55,18,near_prime,GA
SYN-000590,2023-05,0,11612.08,18,near_prime,NY
SYN-000591,2023-05,0,14631.14,24,standard,TX
SYN-000592,2023-05,1,8773.93,18,standard,CA
SYN-000593,2023-05,0,8460.74,36,standard,FL
SYN-000594,2023-05,0,3873.61,18,standard,WA
SYN-000595,2023-05,0,7608.53,18,standard,IL
SYN-000596,2023-05,0,3160.68,36,standard,IL
SYN-000597,2023-05,0,12070.59,24,subprime,NY
SYN-000598,2023-05,0,11847.77,24,near_prime,FL
SYN-000599,2023-05,0,14152.51,18,subprime,WA
SYN-000600,2023-05,0,14265.72,36,standard,GA
SYN-000601,2023-05,0,16621.43,24,standard,CA
SYN-000602,2023-05,1,1247.32,18,standard,IL
SYN-000603,2023-05,0,3648.56,24,standard,CA
SYN-000604,2023-05,0,6023.99,12,standard,NY
SYN-000605,2023-05,0,10734.49,18,standard,IL
SYN-000606,2023-05,0,1631.54,36,standard,WA
SYN-000607,2023-05,0,2015.14,24,subprime,OH
SYN-000608,2023-05,0,19473.31,24,subprime,NY
SYN-000609,2023-05,0,17867.93,24,standard,TX
SYN-000610,2023-05,0,3876.17,12,near_prime,IL
SYN-000611,2023-05,0,11136.55,24,near_prime,FL
SYN-000612,2023-05,0,17236.72,12,near_prime,IL
SYN-000613,2023-05,0,10936.38,24,standard,NY
SYN-000614,2023-05,0,11516.94,18,subprime,TX
SYN-000615,2023-05,0,16436.12,24,standard,OH
SYN-000616,2023-06,0,20890.97,12,subprime,NY
SYN-000617,2023-06,0,13411.89,18,subprime,WA
SYN-000618,2023-06,0,14892.86,12,standard,IL
SYN-000619,2023-06,0,9948.56,24,near_prime,OH
SYN-000620,2023-06,0,16699.58,18,near_prime,TX
SYN-000621,2023-06,0,17726.09,12,near_prime,NY
SYN-000622,2023-06,0,9554.78,12,subprime,GA
SYN-000623,2023-06,0,17433.59,18,standard,CA
SYN-000624,2023-06,0,1760.54,24,near_prime,NY
SYN-000625,2023-06,0,9217.37,36,subprime,CA
SYN-000626,2023-06,0,2894.01,12,standard,CA
SYN-000627,2023-06,0,2084.83,12,standard,TX
SYN-000628,2023-06,0,17202.43,36,standard,OH
SYN-000629,2023-06,0,4691.62,36,near_prime,IL
SYN-000630,2023-06,1,3852.66,24,subprime,FL
SYN-000631,2023-06,0,889.03,36,near_prime,IL
SYN-000632,2023-06,0,13923.32,24,near_prime,FL
SYN-000633,2023-06,0,4707.95,24,near_prime,CA
SYN-000634,2023-06,1,19898.39,36,subprime,TX
SYN-000635,2023-06,0,4294.29,36,standard,NY
SYN-000636,2023-06,0,11765.43,18,near_prime,IL
SYN-000637,2023-06,0,3497.39,24,standard,FL
SYN-000638,2023-06,0,5157.3,18,near_prime,IL
SYN-000639,2023-06,0,3653.8,24,subprime,WA
SYN-000640,2023-06,0,9419.39,12,standard,IL
SYN-000641,2023-06,0,3769.73,18,subprime,TX
SYN-000642,2023-06,0,16590.26,12,standard,NY
SYN-000643,2023-06,0,12147.7,36,subprime,GA
SYN-000644,2023-06,0,14466.96,24,near_prime,TX
SYN-000645,2023-06,0,9688.36,18,standard,FL
SYN-000646,2023-06,0,3284.56,18,standard,FL
SYN-000647,2023-06,0,9358.01,24,standard,NY
SYN-000648,2023-06,0,7339.0,12,near_prime,WA
SYN-000649,2023-06,0,17046.86,12,standard,TX
SYN-000650,2023-06,0,10028.3,24,standard,FL
SYN-000651,2023-06,0,7499.78,12,standard,NY
SYN-000652,2023-06,0,7046.29,24,standard,CA
SYN-000653,2023-06,0,3259.74,18,standard,IL
SYN-000654,2023-06,0,4108.23,24,near_prime,NY
SYN-000655,2023-06,0,6644.98,12,standard,NY
SYN-000656,2023-06,1,12256.49,36,standard,FL
SYN-000657,2023-06,0,9873.78,18,near_prime,FL
SYN-000658,2023-06,0,7976.58,12,standard,IL
SYN-000659,2023-06,0,5328.76,36,subprime,GA
SYN-000660,2023-06,0,14864.7,18,standard,FL
SYN-000661,2023-06,1,6865.28,36,standard,GA
SYN-000662,2023-06,0,2721.69,18,standard,GA
SYN-000663,2023-06,0,13245.18,18,subprime,CA
SYN-000664,2023-06,0,11737.26,12,subprime,CA
SYN-000665,2023-06,0,16692.49,36,subprime,CA
SYN-000666,2023-06,0,8392.53,36,standard,TX
SYN-000667,2023-06,0,5304.97,18,standard,GA
SYN-000668,2023-06,0,896.81,12,standard,CA
SYN-000669,2023-06,0,4435.91,24,standard,GA
SYN-000670,2023-06,0,5289.3,36,standard,GA
SYN-000671,2023-06,0,8114.14,36,standard,OH
SYN-000672,2023-06,0,6227.76,24,standard,FL
SYN-000673,2023-06,0,14339.7,18,subprime,FL
SYN-000674,2023-06,0,9797.68,24,near_prime,CA
SYN-000675,2023-06,0,17872.89,12,near_prime,OH
SYN-000676,2023-06,0,9782.11,12,subprime,CA
SYN-000677,2023-06,0,17273.12,36,standard,CA
SYN-000678,2023-06,0,17615.76,36,subprime,IL
SYN-000679,2023-06,0,14676.08,18,near_prime,WA
SYN-000680,2023-06,0,805.08,18,near_prime,GA
SYN-000681,2023-06,0,7794.03,18,standard,TX
SYN-000682,2023-06,0,12106.96,24,subprime,NY
SYN-000683,2023-06,0,4243.1,36,standard,GA
SYN-000684,2023-06,0,10687.76,24,standard,IL
SYN-000685,2023-06,0,17471.61,24,subprime,OH
SYN-000686,2023-06,0,14207.28,36,standard,CA
SYN-000687,2023-06,0,5363.41,36,standard,NY
SYN-000688,2023-06,1,9314.93,24,subprime,IL
SYN-000689,2023-06,0,2446.27,24,near_prime,OH
SYN-000690,2023-06,0,4668.62,24,standard,NY
SYN-000691,2023-06,0,4334.1,18,standard,NY
SYN-000692,2023-06,0,17943.59,24,subprime,TX
SYN-000693,2023-06,0,12542.61,12,standard,CA
SYN-000694,2023-06,0,8475.71,24,subprime,IL
SYN-000695,2023-06,0,18223.79,24,standard,FL
SYN-000696,2023-06,1,14947.08,36,near_prime,WA
SYN-000697,2023-06,0,12948.19,18,standard,OH
SYN-000698,2023-06,0,949.01,18,standard,WA
SYN-000699,2023-06,0,5396.7,24,standard,WA
SYN-000700,2023-06,0,9628.23,18,standard,WA
SYN-000701,2023-06,0,6611.86,18,subprime,NY
SYN-000702,2023-06,0,15592.2,18,subprime,NY
SYN-000703,2023-06,1,17776.92,18,near_prime,GA
SYN-000704,2023-06,0,18421.44,24,standard,CA
SYN-000705,2023-06,0,13022.61,12,standard,TX
SYN-000706,2023-06,0,6723.42,24,standard,IL
SYN-000707,2023-06,0,8088.17,24,standard,NY
SYN-000708,2023-06,0,12302.62,18,standard,WA
SYN-000709,2023-06,0,9428.64,36,standard,IL
SYN-000710,2023-06,0,17731.72,18,standard,GA
SYN-000711,2023-06,0,10917.99,12,standard,WA
SYN-000712,2023-06,0,5957.01,24,standard,OH
SYN-000713,2023-06,0,17416.23,36,standard,CA
SYN-000714,2023-06,0,4952.9,24,near_prime,TX
SYN-000715,2023-06,0,7827.71,12,near_prime,CA
SYN-000716,2023-06,0,7827.12,12,near_prime,TX
SYN-000717,2023-06,0,16472.84,24,standard,OH
SYN-000718,2023-06,0,3123.6,18,standard,WA
SYN-000719,2023-06,0,10429.72,24,subprime,FL
SYN-000720,2023-06,0,8880.82,36,standard,IL
SYN-000721,2023-06,0,10724.02,18,subprime,WA
SYN-000722,2023-06,0,3556.2,12,standard,FL
SYN-000723,2023-06,0,9104.8,12,standard,OH
SYN-000724,2023-06,0,14355.88,24,standard,WA
SYN-000725,2023-06,0,16414.27,36,near_prime,GA
SYN-000726,2023-06,0,5410.16,12,subprime,IL
SYN-000727,2023-06,0,13949.81,24,standard,FL
SYN-000728,2023-06,0,2753.31,36,near_prime,OH
SYN-000729,2023-06,1,1143.3,12,near_prime,TX
SYN-000730,2023-06,0,3013.19,36,standard,FL
SYN-000731,2023-06,0,4644.23,36,near_prime,WA
SYN-000732,2023-06,0,14808.22,24,standard,FL
SYN-000733,2023-06,0,14529.06,12,near_prime,IL
SYN-000734,2023-06,0,17779.07,12,subprime,GA
SYN-000735,2023-06,0,8640.41,12,standard,TX
SYN-000736,2023-06,0,18183.45,36,standard,WA
SYN-000737,2023-06,0,13689.8,12,near_prime,NY
SYN-000738,2023-06,0,1721.95,18,standard,GA
SYN-000739,2023-06,0,3762.28,24,standard,NY
SYN-000740,2023-06,0,1543.28,36,near_prime,TX
SYN-000741,2023-07,0,2417.81,24,near_prime,CA
SYN-000742,2023-07,0,12208.98,12,near_prime,WA
SYN-000743,2023-07,0,9850.12,18,subprime,FL
SYN-000744,2023-07,0,1498.95,36,standard,OH
SYN-000745,2023-07,0,4103.29,24,near_prime,FL
SYN-000746,2023-07,0,3543.95,24,near_prime,OH
SYN-000747,2023-07,0,12093.06,36,near_prime,WA
SYN-000748,2023-07,0,5026.52,12,standard,GA
SYN-000749,2023-07,0,12893.07,18,near_prime,WA
SYN-000750,2023-07,0,10060.65,12,near_prime,FL
SYN-000751,2023-07,1,5033.32,36,subprime,GA
SYN-000752,2023-07,0,10107.04,24,standard,TX
SYN-000753,2023-07,0,17102.32,36,near_prime,OH
SYN-000754,2023-07,0,2155.55,36,subprime,CA
SYN-000755,2023-07,0,6330.68,12,subprime,TX
SYN-000756,2023-07,0,20472.74,12,subprime,GA
SYN-000757,2023-07,0,10113.6,18,near_prime,GA
SYN-000758,2023-07,0,14363.22,24,standard,GA
SYN-000759,2023-07,0,4315.4,18,subprime,FL
SYN-000760,2023-07,0,11418.51,24,standard,WA
SYN-000761,2023-07,0,9313.25,36,subprime,NY
SYN-000762,2023-07,0,4586.53,24,standard,GA
SYN-000763,2023-07,0,1413.53,24,near_prime,IL
SYN-000764,2023-07,1,18223.78,18,near_prime,IL
SYN-000765,2023-07,0,11326.93,18,subprime,FL
SYN-000766,2023-07,0,7297.37,18,near_prime,TX
SYN-000767,2023-07,0,10872.45,18,standard,OH
SYN-000768,2023-07,0,15414.98,12,near_prime,GA
SYN-000769,2023-07,0,1789.83,24,near_prime,GA
SYN-000770,2023-07,0,3373.6,18,subprime,CA
SYN-000771,2023-07,1,11989.83,12,standard,FL
SYN-000772,2023-07,0,13150.51,18,standard,GA
SYN-000773,2023-07,0,16244.06,12,subprime,GA
SYN-000774,2023-07,1,6750.18,36,near_prime,GA
SYN-000775,2023-07,0,7853.93,36,standard,FL
SYN-000776,2023-07,0,4306.52,36,standard,NY
SYN-000777,2023-07,0,5512.75,36,near_prime,TX
SYN-000778,2023-07,0,8120.4,24,near_prime,CA
SYN-000779,2023-07,0,3795.82,24,standard,OH
SYN-000780,2023-07,0,8596.2,18,standard,TX
SYN-000781,2023-07,0,1765.32,18,near_prime,CA
SYN-000782,2023-07,1,15035.77,24,standard,NY
SYN-000783,2023-07,0,4550.19,24,standard,FL
SYN-000784,2023-07,0,12628.21,36,standard,CA
SYN-000785,2023-07,0,1863.95,18,standard,CA
SYN-000786,2023-07,0,17529.62,12,standard,WA
SYN-000787,2023-07,0,1308.34,36,subprime,TX
SYN-000788,2023-07,0,10785.3,12,subprime,OH
SYN-000789,2023-07,0,13410.7,12,standard,WA
SYN-000790,2023-07,0,13975.72,12,standard,IL
SYN-000791,2023-07,0,18114.92,24,near_prime,GA
SYN-000792,2023-07,0,17506.45,12,subprime,NY
SYN-000793,2023-07,0,16680.0,18,near_prime,NY
SYN-000794,2023-07,0,10940.3,36,standard,WA
SYN-000795,2023-07,0,3132.37,18,standard,NY
SYN-000796,2023-07,0,7209.66,18,subprime,FL
SYN-000797,2023-07,0,10797.74,18,standard,TX
SYN-000798,2023-07,0,15659.55,18,near_prime,GA
SYN-000799,2023-07,0,7094.65,24,subprime,FL
SYN-000800,2023-07,0,14295.32,24,near_prime,NY
SYN-000801,2023-07,0,1261.7,12,near_prime,OH
SYN-000802,2023-07,0,7419.08,36,standard,NY
SYN-000803,2023-07,0,8032.03,12,near_prime,NY
SYN-000804,2023-07,0,18291.91,18,standard,OH
SYN-000805,2023-07,0,10892.79,24,subprime,GA
SYN-000806,2023-07,0,1540.33,36,standard,CA
SYN-000807,2023-07,0,8793.49,12,standard,GA
SYN-000808,2023-07,0,1718.97,36,subprime,CA
SYN-000809,2023-07,0,8580.1,24,near_prime,FL
SYN-000810,2023-07,0,11652.48,12,standard,OH
SYN-000811,2023-07,0,10114.31,12,subprime,FL
SYN-000812,2023-07,0,6525.26,12,standard,NY
SYN-000813,2023-07,0,2755.61,24,subprime,FL
SYN-000814,2023-07,0,2986.73,12,standard,TX
SYN-000815,2023-07,0,7598.35,18,standard,FL
SYN-000816,2023-07,0,12430.58,18,subprime,CA
SYN-000817,2023-07,0,6278.47,36,standard,FL
SYN-000818,2023-07,0,991.91,24,subprime,OH
SYN-000819,2023-07,0,901.78,36,standard,OH
SYN-000820,2023-07,0,8621.19,12,standard,NY
SYN-000821,2023-07,0,3424.13,24,near_prime,IL
SYN-000822,2023-07,0,2352.34,12,standard,IL
SYN-000823,2023-07,0,13039.79,18,standard,WA
SYN-000824,2023-07,0,2815.59,24,subprime,TX
SYN-000825,2023-07,0,15726.58,12,standard,IL
SYN-000826,2023-07,0,8123.51,18,standard,TX
SYN-000827,2023-07,0,18134.49,12,standard,IL
SYN-000828,2023-07,0,15806.02,24,standard,WA
SYN-000829,2023-07,0,13423.87,36,subprime,OH
SYN-000830,2023-07,0,18906.97,18,subprime,CA
SYN-000831,2023-07,0,9028.48,12,near_prime,GA
SYN-000832,2023-07,0,6708.12,18,standard,IL
SYN-000833,2023-07,0,2000.7,24,standard,CA
SYN-000834,2023-07,0,6699.11,36,near_prime,CA
SYN-000835,2023-07,0,4869.19,24,subprime,OH
SYN-000836,2023-07,0,12228.04,36,standard,WA
SYN-000837,2023-07,0,15210.75,12,standard,WA
SYN-000838,2023-07,0,1131.32,24,standard,WA
SYN-000839,2023-07,0,3442.7,12,near_prime,FL
SYN-000840,2023-07,0,7695.32,12,standard,WA
SYN-000841,2023-07,0,5605.5,12,standard,OH
SYN-000842,2023-07,0,7080.01,24,subprime,CA
SYN-000843,2023-07,0,16966.36,36,standard,FL
SYN-000844,2023-07,0,17148.37,24,near_prime,TX
SYN-000845,2023-07,1,20013.48,18,subprime,GA
SYN-000846,2023-07,1,10045.5,12,standard,TX
SYN-000847,2023-07,0,16538.59,12,standard,IL
SYN-000848,2023-07,0,14225.34,18,near_prime,IL
SYN-000849,2023-07,0,14478.33,12,standard,TX
SYN-000850,2023-07,0,11826.13,12,near_prime,WA
SYN-000851,2023-07,0,17496.02,24,standard,IL
SYN-000852,2023-07,1,6795.68,36,standard,CA
SYN-000853,2023-07,0,1752.26,36,near_prime,OH
SYN-000854,2023-07,0,6330.2,18,standard,TX
SYN-000855,2023-07,1,16303.15,36,subprime,OH
SYN-000856,2023-08,0,12915.26,36,standard,FL
SYN-000857,2023-08,0,13477.86,24,subprime,WA
SYN-000858,2023-08,1,16418.55,36,standard,TX
SYN-000859,2023-08,0,8963.98,18,standard,FL
SYN-000860,2023-08,0,7980.64,12,standard,IL
SYN-000861,2023-08,0,7894.45,36,standard,FL
SYN-000862,2023-08,0,8732.58,24,subprime,GA
SYN-000863,2023-08,0,8505.76,24,standard,TX
SYN-000864,2023-08,0,13400.79,36,standard,WA
SYN-000865,2023-08,0,15349.81,18,standard,TX
SYN-000866,2023-08,0,11356.38,36,standard,CA
SYN-000867,2023-08,0,15261.49,12,near_prime,OH
SYN-000868,2023-08,0,7702.69,36,standard,WA
SYN-000869,2023-08,0,14859.94,24,standard,WA
SYN-000870,2023-08,0,12781.41,36,subprime,CA
SYN-000871,2023-08,0,10515.27,12,standard,WA
SYN-000872,2023-08,0,5795.1,12,near_prime,GA
SYN-000873,2023-08,0,13398.39,36,standard,FL
SYN-000874,2023-08,0,4131.62,36,standard,GA
SYN-000875,2023-08,0,18454.97,18,near_prime,CA
SYN-000876,2023-08,0,16462.53,36,near_prime,FL
SYN-000877,2023-08,0,8160.64,36,standard,GA
SYN-000878,2023-08,0,8842.78,36,standard,WA
SYN-000879,2023-08,0,8318.46,12,near_prime,NY
SYN-000880,2023-08,1,5565.73,24,standard,OH
SYN-000881,2023-08,1,2803.01,36,standard,IL
SYN-000882,2023-08,0,2184.75,12,standard,TX
SYN-000883,2023-08,0,10343.79,24,standard,CA
SYN-000884,2023-08,0,9874.14,36,standard,WA
SYN-000885,2023-08,0,17167.83,24,subprime,IL
SYN-000886,2023-08,0,10777.6,12,standard,CA
SYN-000887,2023-08,0,5964.03,12,standard,TX
SYN-000888,2023-08,0,6575.61,18,subprime,IL
SYN-000889,2023-08,0,2774.42,18,near_prime,OH
SYN-000890,2023-08,0,3904.57,18,standard,CA
SYN-000891,2023-08,0,2293.91,18,standard,OH
SYN-000892,2023-08,0,8109.18,36,standard,FL
SYN-000893,2023-08,0,13798.19,24,near_prime,TX
SYN-000894,2023-08,0,9013.06,36,near_prime,NY
SYN-000895,2023-08,0,13289.26,36,standard,GA
SYN-000896,2023-08,0,17211.84,36,near_prime,CA
SYN-000897,2023-08,0,10203.89,24,near_prime,IL
SYN-000898,2023-08,0,5527.45,12,standard,OH
SYN-000899,2023-08,0,14058.91,18,standard,FL
SYN-000900,2023-08,1,987.23,12,standard,TX
SYN-000901,2023-08,0,12933.34,24,standard,NY
SYN-000902,2023-08,0,11763.33,12,near_prime,NY
SYN-000903,2023-08,0,13908.18,12,subprime,GA
SYN-000904,2023-08,0,16728.18,18,standard,IL
SYN-000905,2023-08,0,12490.46,12,standard,IL
SYN-000906,2023-08,0,13052.32,24,standard,IL
SYN-000907,2023-08,0,7575.54,24,standard,IL
SYN-000908,2023-08,0,2028.35,18,near_prime,OH
SYN-000909,2023-08,0,10369.19,36,near_prime,OH
SYN-000910,2023-08,0,2628.18,12,standard,OH
SYN-000911,2023-08,0,9609.31,12,near_prime,IL
SYN-000912,2023-08,0,6638.01,36,near_prime,OH
SYN-000913,2023-08,1,7949.26,12,standard,OH
SYN-000914,2023-08,0,10274.88,24,near_prime,CA
SYN-000915,2023-08,0,17771.18,12,standard,WA
SYN-000916,2023-08,0,8935.62,24,near_prime,CA
SYN-000917,2023-08,0,14369.24,24,subprime,WA
SYN-000918,2023-08,0,16468.29,36,standard,NY
SYN-000919,2023-08,0,18435.99,18,near_prime,IL
SYN-000920,2023-08,1,17879.68,36,standard,WA
SYN-000921,2023-08,0,14743.68,12,near_prime,OH
SYN-000922,2023-08,0,18632.92,18,subprime,TX
SYN-000923,2023-08,0,3306.15,12,near_prime,CA
SYN-000924,2023-08,1,12283.52,12,near_prime,IL
SYN-000925,2023-08,1,2900.38,18,subprime,TX
SYN-000926,2023-08,0,11331.1,18,near_prime,WA
SYN-000927,2023-08,0,20912.53,36,subprime,FL
SYN-000928,2023-08,0,17875.06,18,standard,WA
SYN-000929,2023-08,0,5647.91,36,near_prime,FL
SYN-000930,2023-08,0,17184.46,12,standard,GA
SYN-000931,2023-08,1,1076.66,36,standard,TX
SYN-000932,2023-08,0,11309.03,24,standard,OH
SYN-000933,2023-08,0,4449.04,24,standard,FL
SYN-000934,2023-08,0,1465.9,18,standard,TX
SYN-000935,2023-08,0,14651.72,24,standard,NY
SYN-000936,2023-08,0,10184.52,12,near_prime,NY
SYN-000937,2023-08,0,11888.42,18,standard,FL
SYN-000938,2023-08,0,17943.76,36,standard,CA
SYN-000939,2023-08,0,7246.22,18,near_prime,OH
SYN-000940,2023-08,1,13905.38,18,near_prime,TX
SYN-000941,2023-08,0,4964.81,36,near_prime,NY
SYN-000942,2023-08,0,16701.2,18,standard,TX
SYN-000943,2023-08,0,8102.94,18,near_prime,OH
SYN-000944,2023-08,0,1761.81,36,standard,OH
SYN-000945,2023-08,0,7410.69,36,near_prime,IL
SYN-000946,2023-08,0,3051.65,12,near_prime,OH
SYN-000947,2023-08,0,3830.26,24,standard,FL
SYN-000948,2023-08,0,12092.59,18,standard,NY
SYN-000949,2023-08,0,15968.44,36,near_prime,OH
SYN-000950,2023-08,0,6602.52,36,subprime,WA
SYN-000951,2023-08,0,4736.6,18,standard,GA
SYN-000952,2023-08,0,1735.39,36,subprime,GA
SYN-000953,2023-08,0,9283.07,12,standard,CA
SYN-000954,2023-08,0,7997.14,18,standard,TX
SYN-000955,2023-08,0,12641.93,18,near_prime,CA
SYN-000956,2023-08,0,10359.85,18,subprime,WA
SYN-000957,2023-08,1,13259.07,12,standard,WA
SYN-000958,2023-08,0,6049.64,24,standard,NY
SYN-000959,2023-08,1,2232.98,24,standard,WA
SYN-000960,2023-08,1,3178.72,24,subprime,WA
SYN-000961,2023-08,0,10690.59,12,near_prime,FL
SYN-000962,2023-08,0,5777.37,12,subprime,NY
SYN-000963,2023-08,0,14267.68,24,standard,GA
SYN-000964,2023-08,0,1921.63,24,standard,TX
SYN-000965,2023-08,0,10214.71,24,standard,TX
SYN-000966,2023-08,0,16446.43,12,near_prime,IL
SYN-000967,2023-09,0,3146.12,24,subprime,FL
SYN-000968,2023-09,0,11518.6,12,subprime,FL
SYN-000969,2023-09,1,8236.3,12,standard,NY
SYN-000970,2023-09,0,11496.87,24,subprime,WA
SYN-000971,2023-09,0,12585.64,36,standard,IL
SYN-000972,2023-09,0,5402.13,36,near_prime,CA
SYN-000973,2023-09,0,5833.56,18,near_prime,IL
SYN-000974,2023-09,0,3903.86,18,near_prime,WA
SYN-000975,2023-09,0,8603.73,24,standard,CA
SYN-000976,2023-09,0,18111.0,18,standard,FL
SYN-000977,2023-09,0,2950.37,12,standard,FL
SYN-000978,2023-09,0,19805.6,18,subprime,WA
SYN-000979,2023-09,0,6031.36,24,standard,FL
SYN-000980,2023-09,0,13695.23,36,standard,OH
SYN-000981,2023-09,0,3757.96,12,subprime,NY
SYN-000982,2023-09,0,2436.92,12,standard,NY
SYN-000983,2023-09,0,14377.58,18,standard,OH
SYN-000984,2023-09,0,17749.94,36,standard,CA
SYN-000985,2023-09,0,8269.48,18,subprime,GA
SYN-000986,2023-09,0,5838.31,24,standard,TX
SYN-000987,2023-09,0,16514.15,36,near_prime,GA
SYN-000988,2023-09,0,8131.23,12,standard,WA
SYN-000989,2023-09,0,17793.69,36,near_prime,IL
SYN-000990,2023-09,0,10637.91,18,standard,IL
SYN-000991,2023-09,0,1547.52,24,standard,OH
SYN-000992,2023-09,0,14804.59,18,near_prime,OH
SYN-000993,2023-09,0,12586.67,24,near_prime,NY
SYN-000994,2023-09,0,14335.51,36,near_prime,WA
SYN-000995,2023-09,0,10810.67,24,standard,TX
SYN-000996,2023-09,0,13773.34,12,standard,CA
SYN-000997,2023-09,1,8960.48,18,near_prime,WA
SYN-000998,2023-09,0,16944.25,24,standard,TX
SYN-000999,2023-09,0,14366.03,18,standard,FL
SYN-001000,2023-09,0,16242.24,24,standard,WA
SYN-001001,2023-09,0,11066.83,18,near_prime,WA
SYN-001002,2023-09,0,8092.3,18,standard,NY
SYN-001003,2023-09,0,17104.4,12,subprime,TX
SYN-001004,2023-09,0,19716.01,36,subprime,FL
SYN-001005,2023-09,0,19030.38,24,subprime,TX
SYN-001006,2023-09,0,15965.63,18,near_prime,NY
SYN-001007,2023-09,0,2191.31,12,near_prime,GA
SYN-001008,2023-09,0,2708.37,12,near_prime,CA
SYN-001009,2023-09,0,12616.28,12,near_prime,NY
SYN-001010,2023-09,0,4340.43,24,standard,IL
SYN-001011,2023-09,0,8000.21,18,subprime,NY
SYN-001012,2023-09,0,2009.57,12,standard,IL
SYN-001013,2023-09,0,14146.12,12,near_prime,NY
SYN-001014,2023-09,0,18248.15,36,subprime,OH
SYN-001015,2023-09,0,2699.64,24,standard,NY
SYN-001016,2023-09,0,14276.95,24,standard,FL
SYN-001017,2023-09,1,7194.13,24,standard,WA
SYN-001018,2023-09,0,7610.63,36,standard,OH
SYN-001019,2023-09,0,8008.9,36,near_prime,OH
SYN-001020,2023-09,0,8399.27,12,subprime,TX
SYN-001021,2023-09,0,10051.12,12,standard,TX
SYN-001022,2023-09,0,16595.97,18,standard,WA
SYN-001023,2023-09,0,15739.32,36,near_prime,OH
SYN-001024,2023-09,0,13428.84,24,standard,GA
SYN-001025,2023-09,0,12600.18,36,standard,FL
SYN-001026,2023-09,0,2712.25,24,standard,FL
SYN-001027,2023-09,1,13859.03,12,near_prime,FL
SYN-001028,2023-09,0,12821.92,18,standard,TX
SYN-001029,2023-09,0,10003.1,36,standard,OH
SYN-001030,2023-09,0,5431.48,24,standard,CA
SYN-001031,2023-09,1,1563.19,36,subprime,OH
SYN-001032,2023-09,0,7461.16,36,standard,IL
SYN-001033,2023-09,0,4261.16,36,subprime,OH
SYN-001034,2023-09,0,10868.74,36,standard,OH
SYN-001035,2023-09,0,15922.02,12,standard,GA
SYN-001036,2023-09,1,7043.92,24,standard,CA
SYN-001037,2023-09,0,7285.46,12,near_prime,GA
SYN-001038,2023-09,1,6909.03,24,near_prime,NY
SYN-001039,2023-09,0,12271.07,12,near_prime,IL
SYN-001040,2023-09,0,3805.09,24,near_prime,GA
SYN-001041,2023-09,0,16754.95,24,standard,CA
SYN-001042,2023-09,1,8608.85,36,subprime,OH
SYN-001043,2023-09,0,12749.47,24,near_prime,WA
SYN-001044,2023-09,0,6101.52,36,near_prime,TX
SYN-001045,2023-09,0,11826.9,24,subprime,GA
SYN-001046,2023-09,0,13633.17,12,subprime,WA
SYN-001047,2023-09,0,10825.78,36,standard,TX
SYN-001048,2023-09,0,6142.69,24,standard,NY
SYN-001049,2023-09,0,5247.39,36,standard,CA
SYN-001050,2023-09,0,9937.17,18,standard,OH
SYN-001051,2023-09,0,12091.3,36,standard,CA
SYN-001052,2023-09,0,7247.66,18,standard,IL
SYN-001053,2023-09,0,9270.85,12,subprime,IL
SYN-001054,2023-09,0,14070.2,24,subprime,NY
SYN-001055,2023-09,0,4196.91,18,near_prime,OH
SYN-001056,2023-09,0,8519.55,12,standard,CA
SYN-001057,2023-09,1,15022.63,18,standard,OH
SYN-001058,2023-09,0,1779.29,12,standard,TX
SYN-001059,2023-09,0,9204.62,24,subprime,GA
SYN-001060,2023-09,0,15661.79,18,subprime,TX
SYN-001061,2023-09,0,15472.97,24,standard,TX
SYN-001062,2023-09,0,6347.36,36,standard,GA
SYN-001063,2023-09,0,2690.61,18,near_prime,IL
SYN-001064,2023-09,1,2058.36,24,subprime,GA
SYN-001065,2023-09,0,5160.34,24,standard,WA
SYN-001066,2023-09,0,7308.99,24,standard,CA
SYN-001067,2023-09,0,14399.56,12,subprime,NY
SYN-001068,2023-09,0,7609.02,24,standard,NY
SYN-001069,2023-09,0,8827.33,36,subprime,IL
SYN-001070,2023-09,0,15361.93,18,near_prime,FL
SYN-001071,2023-09,0,13771.18,36,subprime,TX
SYN-001072,2023-09,0,20063.78,36,subprime,WA
SYN-001073,2023-09,0,16318.67,12,standard,TX
SYN-001074,2023-09,1,11457.45,24,standard,CA
SYN-001075,2023-09,0,4052.19,36,standard,GA
SYN-001076,2023-09,0,6208.19,12,near_prime,FL
SYN-001077,2023-09,0,14878.51,24,subprime,FL
SYN-001078,2023-09,0,12968.16,24,standard,GA
SYN-001079,2023-09,0,7764.85,36,standard,NY
SYN-001080,2023-09,0,1206.57,18,near_prime,NY
SYN-001081,2023-09,0,15877.41,12,standard,IL
SYN-001082,2023-09,0,17757.18,18,near_prime,GA
SYN-001083,2023-09,0,17230.64,36,standard,NY
SYN-001084,2023-09,0,17477.01,24,subprime,FL
SYN-001085,2023-09,0,4456.93,18,standard,NY
SYN-001086,2023-09,0,8030.88,18,standard,NY
SYN-001087,2023-09,0,16859.71,24,standard,TX
SYN-001088,2023-09,0,3157.73,24,near_prime,NY
SYN-001089,2023-09,0,13339.62,24,standard,CA
SYN-001090,2023-09,0,4956.69,24,standard,CA
SYN-001091,2023-09,0,9730.39,36,near_prime,WA
SYN-001092,2023-09,0,16592.4,12,near_prime,OH
SYN-001093,2023-09,0,18789.59,18,subprime,GA
SYN-001094,2023-09,0,2868.1,12,near_prime,IL
SYN-001095,2023-09,0,17194.4,24,standard,IL
SYN-001096,2023-09,0,8513.22,18,standard,FL
SYN-001097,2023-09,0,17134.49,36,standard,NY
SYN-001098,2023-09,0,9123.38,18,near_prime,OH
SYN-001099,2023-09,0,7110.41,36,near_prime,FL
SYN-001100,2023-09,0,2456.33,24,near_prime,IL
SYN-001101,2023-09,0,12537.54,18,standard,FL
SYN-001102,2023-09,0,2159.99,36,standard,CA
SYN-001103,2023-09,0,18169.62,12,standard,TX
SYN-001104,2023-09,0,4050.1,12,subprime,OH
SYN-001105,2023-10,1,5566.94,12,standard,OH
SYN-001106,2023-10,1,13748.35,18,standard,IL
SYN-001107,2023-10,0,1782.97,12,standard,TX
SYN-001108,2023-10,0,3950.79,36,standard,FL
SYN-001109,2023-10,0,7922.41,18,standard,GA
SYN-001110,2023-10,0,17114.09,18,standard,WA
SYN-001111,2023-10,0,9466.33,36,standard,GA
SYN-001112,2023-10,0,8278.89,24,near_prime,GA
SYN-001113,2023-10,0,9886.14,36,near_prime,FL
SYN-001114,2023-10,0,11652.76,12,subprime,OH
SYN-001115,2023-10,0,18220.1,24,standard,IL
SYN-001116,2023-10,0,10552.6,12,standard,GA
SYN-001117,2023-10,0,12497.14,24,near_prime,CA
SYN-001118,2023-10,0,12509.94,18,near_prime,CA
SYN-001119,2023-10,0,16318.57,24,near_prime,OH
SYN-001120,2023-10,0,5491.82,18,standard,IL
SYN-001121,2023-10,0,3084.36,12,subprime,FL
SYN-001122,2023-10,0,8944.89,36,standard,OH
SYN-001123,2023-10,0,15192.44,24,standard,GA
SYN-001124,2023-10,0,2703.81,18,subprime,CA
SYN-001125,2023-10,0,4131.51,12,standard,NY
SYN-001126,2023-10,0,11881.25,18,standard,FL
SYN-001127,2023-10,0,1186.16,18,standard,OH
SYN-001128,2023-10,0,10517.16,36,subprime,GA
SYN-001129,2023-10,0,939.37,36,near_prime,IL
SYN-001130,2023-10,0,7874.34,36,near_prime,CA
SYN-001131,2023-10,0,6390.55,12,standard,OH
SYN-001132,2023-10,0,11821.73,24,near_prime,FL
SYN-001133,2023-10,0,4201.96,24,standard,WA
SYN-001134,2023-10,0,18292.05,36,subprime,GA
SYN-001135,2023-10,0,17877.36,24,subprime,FL
SYN-001136,2023-10,0,5799.49,12,standard,NY
SYN-001137,2023-10,0,9511.69,36,near_prime,NY
SYN-001138,2023-10,0,1632.77,12,near_prime,FL
SYN-001139,2023-10,0,16012.47,12,near_prime,TX
SYN-001140,2023-10,0,2936.18,18,standard,WA
SYN-001141,2023-10,0,14430.68,24,standard,TX
SYN-001142,2023-10,0,17201.39,36,standard,TX
SYN-001143,2023-10,1,16830.53,12,subprime,TX
SYN-001144,2023-10,0,2889.65,18,near_prime,IL
SYN-001145,2023-10,0,14286.78,36,standard,WA
SYN-001146,2023-10,0,3238.57,18,standard,CA
SYN-001147,2023-10,0,15121.87,24,near_prime,IL
SYN-001148,2023-10,0,14160.76,24,standard,GA
SYN-001149,2023-10,0,3242.5,36,standard,OH
SYN-001150,2023-10,0,11426.34,24,subprime,CA
SYN-001151,2023-10,0,9957.07,12,standard,FL
SYN-001152,2023-10,0,7760.81,12,standard,CA
SYN-001153,2023-10,0,20868.86,24,subprime,IL
SYN-001154,2023-10,0,6352.41,24,standard,FL
SYN-001155,2023-10,0,8697.55,18,standard,OH
SYN-001156,2023-10,0,16511.85,36,standard,TX
SYN-001157,2023-10,0,6720.52,18,near_prime,NY
SYN-001158,2023-10,0,10566.61,24,near_prime,CA
SYN-001159,2023-10,0,11910.33,24,subprime,GA
SYN-001160,2023-10,0,3168.05,12,subprime,WA
SYN-001161,2023-10,0,14191.11,12,near_prime,CA
SYN-001162,2023-10,0,18198.22,18,standard,FL
SYN-001163,2023-10,0,9998.1,18,standard,NY
SYN-001164,2023-10,0,8273.6,12,subprime,GA
SYN-001165,2023-10,0,1900.83,18,near_prime,WA
SYN-001166,2023-10,0,7928.74,36,standard,GA
SYN-001167,2023-10,0,14944.96,36,subprime,FL
SYN-001168,2023-10,0,3050.09,36,near_prime,TX
SYN-001169,2023-10,0,8861.15,12,standard,WA
SYN-001170,2023-10,0,3337.48,36,subprime,IL
SYN-001171,2023-10,0,3513.49,24,near_prime,IL
SYN-001172,2023-10,0,14804.31,18,standard,IL
SYN-001173,2023-10,0,5308.16,36,subprime,TX
SYN-001174,2023-10,0,9419.74,24,subprime,GA
SYN-001175,2023-10,0,13544.59,18,standard,OH
SYN-001176,2023-10,0,12609.81,18,standard,GA
SYN-001177,2023-10,0,16734.33,24,standard,OH
SYN-001178,2023-10,0,12232.72,18,standard,IL
SYN-001179,2023-10,0,2990.93,12,standard,CA
SYN-001180,2023-10,1,11540.3,36,subprime,FL
SYN-001181,2023-10,0,6516.86,18,subprime,OH
SYN-001182,2023-10,1,10243.73,24,near_prime,CA
SYN-001183,2023-10,0,3994.99,12,standard,IL
SYN-001184,2023-10,0,18142.21,18,near_prime,TX
SYN-001185,2023-10,0,17653.32,18,near_prime,FL
SYN-001186,2023-10,0,1835.48,36,near_prime,WA
SYN-001187,2023-10,0,17465.92,12,standard,NY
SYN-001188,2023-10,0,14117.3,36,standard,WA
SYN-001189,2023-10,0,8005.25,36,standard,CA
SYN-001190,2023-10,0,17853.5,12,standard,FL
SYN-001191,2023-10,0,7999.4,12,standard,FL
SYN-001192,2023-10,0,18239.96,18,standard,OH
SYN-001193,2023-10,0,15183.79,24,near_prime,CA
SYN-001194,2023-10,0,10734.9,24,subprime,WA
SYN-001195,2023-10,0,5250.61,24,subprime,TX
SYN-001196,2023-10,0,7796.9,12,standard,IL
SYN-001197,2023-10,0,5211.86,24,subprime,IL
SYN-001198,2023-10,0,15326.33,24,subprime,WA
SYN-001199,2023-10,0,17774.17,24,near_prime,CA
SYN-001200,2023-10,0,875.74,12,standard,OH
SYN-001201,2023-10,0,10324.93,12,standard,OH
SYN-001202,2023-10,0,7048.01,36,standard,FL
SYN-001203,2023-10,0,17445.61,12,subprime,NY
SYN-001204,2023-10,0,4720.92,12,standard,WA
SYN-001205,2023-10,0,15248.17,24,near_prime,OH
SYN-001206,2023-10,0,1668.98,36,subprime,NY
SYN-001207,2023-10,0,18221.46,36,near_prime,OH
SYN-001208,2023-10,0,4229.73,18,near_prime,TX
SYN-001209,2023-10,0,17324.07,18,near_prime,IL
SYN-001210,2023-10,0,12800.22,24,near_prime,CA
SYN-001211,2023-10,0,13966.87,12,subprime,GA
SYN-001212,2023-10,0,12839.07,36,standard,CA
SYN-001213,2023-10,0,5490.68,24,subprime,WA
SYN-001214,2023-10,0,4244.56,12,near_prime,NY
SYN-001215,2023-10,0,9546.86,12,subprime,WA
SYN-001216,2023-10,0,11880.11,12,standard,CA
SYN-001217,2023-10,0,11885.46,24,standard,OH
SYN-001218,2023-10,0,6832.19,12,near_prime,NY
SYN-001219,2023-10,0,16710.38,36,subprime,TX
SYN-001220,2023-10,0,1874.16,12,near_prime,TX
SYN-001221,2023-10,0,1897.44,36,standard,GA
SYN-001222,2023-10,0,12792.89,12,near_prime,TX
SYN-001223,2023-10,0,8076.61,12,standard,GA
SYN-001224,2023-10,0,13524.44,24,subprime,CA
SYN-001225,2023-10,1,6609.03,18,standard,TX
SYN-001226,2023-10,0,15681.8,18,standard,GA
SYN-001227,2023-11,1,8669.85,18,standard,FL
SYN-001228,2023-11,0,8514.51,24,standard,FL
SYN-001229,2023-11,0,6263.54,24,near_prime,FL
SYN-001230,2023-11,0,9775.81,12,near_prime,NY
SYN-001231,2023-11,0,4362.32,12,standard,OH
SYN-001232,2023-11,0,6661.27,24,standard,FL
SYN-001233,2023-11,0,16307.07,12,near_prime,NY
SYN-001234,2023-11,0,9057.7,18,standard,WA
SYN-001235,2023-11,0,8571.68,36,subprime,WA
SYN-001236,2023-11,0,7134.59,12,near_prime,WA
SYN-001237,2023-11,0,1325.43,18,near_prime,IL
SYN-001238,2023-11,1,6814.77,18,standard,IL
SYN-001239,2023-11,0,1347.33,18,subprime,TX
SYN-001240,2023-11,0,4521.2,36,standard,FL
SYN-001241,2023-11,1,20808.91,36,subprime,FL
SYN-001242,2023-11,0,3582.33,18,subprime,WA
SYN-001243,2023-11,0,8402.86,18,standard,NY
SYN-001244,2023-11,1,6908.09,18,subprime,IL
SYN-001245,2023-11,1,18252.34,36,subprime,OH
SYN-001246,2023-11,0,11683.49,18,standard,WA
SYN-001247,2023-11,0,9017.53,24,standard,OH
SYN-001248,2023-11,0,9557.82,24,standard,CA
SYN-001249,2023-11,0,16639.46,36,near_prime,IL
SYN-001250,2023-11,0,7474.37,18,standard,TX
SYN-001251,2023-11,0,2287.3,36,near_prime,CA
SYN-001252,2023-11,0,11793.93,36,standard,WA
SYN-001253,2023-11,0,7372.95,36,subprime,IL
SYN-001254,2023-11,0,7155.94,12,standard,TX
SYN-001255,2023-11,0,17200.92,12,standard,NY
SYN-001256,2023-11,0,12749.4,24,standard,IL
SYN-001257,2023-11,0,11491.4,18,near_prime,IL
SYN-001258,2023-11,0,6100.69,24,near_prime,GA
SYN-001259,2023-11,0,16345.14,12,subprime,FL
SYN-001260,2023-11,0,5552.36,18,subprime,OH
SYN-001261,2023-11,0,8966.8,12,standard,GA
SYN-001262,2023-11,0,8764.5,12,near_prime,FL
SYN-001263,2023-11,0,13859.15,36,standard,WA
SYN-001264,2023-11,0,8335.23,36,near_prime,IL
SYN-001265,2023-11,0,1211.35,12,standard,WA
SYN-001266,2023-11,0,14944.88,36,standard,GA
SYN-001267,2023-11,0,7639.88,36,near_prime,OH
SYN-001268,2023-11,0,6192.22,18,standard,CA
SYN-001269,2023-11,1,13201.47,12,subprime,GA
SYN-001270,2023-11,0,4924.8,12,standard,CA
SYN-001271,2023-11,0,16016.82,36,near_prime,FL
SYN-001272,2023-11,0,9265.05,12,standard,NY
SYN-001273,2023-11,0,4440.48,36,near_prime,FL
SYN-001274,2023-11,0,17423.03,18,standard,IL
SYN-001275,2023-11,0,18342.21,36,near_prime,NY
SYN-001276,2023-11,0,16912.35,36,standard,TX
SYN-001277,2023-11,0,16393.6,36,standard,IL
SYN-001278,2023-11,0,15374.7,18,standard,GA
SYN-001279,2023-11,0,16921.75,18,standard,CA
SYN-001280,2023-11,0,16208.55,24,near_prime,TX
SYN-001281,2023-11,0,13586.65,18,standard,TX
SYN-001282,2023-11,0,2477.84,12,subprime,GA
SYN-001283,2023-11,1,5273.97,12,standard,OH
SYN-001284,2023-11,1,14003.45,18,standard,TX
SYN-001285,2023-11,1,3215.71,36,standard,NY
SYN-001286,2023-11,0,8547.71,36,standard,FL
SYN-001287,2023-11,0,13275.25,18,subprime,GA
SYN-001288,2023-11,0,12683.64,12,near_prime,WA
SYN-001289,2023-11,1,13445.1,18,near_prime,TX
SYN-001290,2023-11,1,6257.34,12,standard,GA
SYN-001291,2023-11,0,17240.12,24,standard,CA
SYN-001292,2023-11,0,18310.44,24,standard,TX
SYN-001293,2023-11,1,16416.46,18,near_prime,TX
SYN-001294,2023-11,0,7488.14,18,subprime,GA
SYN-001295,2023-11,0,3378.96,18,subprime,CA
SYN-001296,2023-11,0,6397.45,36,standard,IL
SYN-001297,2023-11,0,7330.95,12,standard,OH
SYN-001298,2023-11,1,2992.42,18,subprime,WA
SYN-001299,2023-11,0,15093.5,18,subprime,WA
SYN-001300,2023-11,0,14483.97,12,subprime,OH
SYN-001301,2023-11,0,12138.48,18,standard,CA
SYN-001302,2023-11,0,11709.37,12,near_prime,NY
SYN-001303,2023-11,0,1860.64,24,standard,GA
SYN-001304,2023-11,0,1470.95,36,near_prime,IL
SYN-001305,2023-11,0,14729.38,12,standard,IL
SYN-001306,2023-11,0,4853.48,24,standard,CA
SYN-001307,2023-11,0,14456.2,18,subprime,NY
SYN-001308,2023-11,0,7552.3,24,standard,TX
SYN-001309,2023-11,0,2344.54,18,subprime,NY
SYN-001310,2023-11,0,3874.06,18,near_prime,OH
SYN-001311,2023-11,0,13573.63,18,standard,IL
SYN-001312,2023-11,0,8734.4,18,standard,TX
SYN-001313,2023-11,0,8239.29,36,subprime,GA
SYN-001314,2023-11,0,15306.99,36,standard,TX
SYN-001315,2023-11,0,17111.13,18,standard,GA
SYN-001316,2023-11,0,8828.77,36,standard,WA
SYN-001317,2023-11,1,9105.88,18,near_prime,WA
SYN-001318,2023-11,0,17184.73,36,standard,OH
SYN-001319,2023-11,1,18279.14,12,standard,TX
SYN-001320,2023-11,0,10811.27,18,standard,WA
SYN-001321,2023-11,0,9448.61,24,standard,GA
SYN-001322,2023-11,0,5089.65,12,standard,CA
SYN-001323,2023-11,0,12222.4,24,standard,FL
SYN-001324,2023-11,0,11458.04,18,standard,GA
SYN-001325,2023-11,0,11175.04,12,standard,GA
SYN-001326,2023-11,0,8355.63,24,near_prime,GA
SYN-001327,2023-11,0,13790.62,12,standard,WA
SYN-001328,2023-11,0,6395.93,18,subprime,IL
SYN-001329,2023-11,0,3780.66,36,near_prime,GA
SYN-001330,2023-11,0,12385.03,36,standard,FL
SYN-001331,2023-11,0,4021.12,12,near_prime,FL
SYN-001332,2023-11,0,14073.51,18,near_prime,GA
SYN-001333,2023-11,0,16959.59,12,standard,IL
SYN-001334,2023-11,0,3006.86,12,near_prime,OH
SYN-001335,2023-11,0,14261.44,12,standard,CA
SYN-001336,2023-11,0,14768.97,12,standard,CA
SYN-001337,2023-11,0,10005.31,24,standard,WA
SYN-001338,2023-11,0,6756.94,24,standard,WA
SYN-001339,2023-11,0,7498.31,12,standard,TX
SYN-001340,2023-11,0,16208.58,36,near_prime,FL
SYN-001341,2023-11,0,2975.23,24,near_prime,NY
SYN-001342,2023-11,0,11744.83,36,standard,CA
SYN-001343,2023-11,0,20410.87,24,subprime,CA
SYN-001344,2023-11,0,15897.47,36,subprime,TX
SYN-001345,2023-11,0,17421.8,36,standard,TX
SYN-001346,2023-11,0,6001.37,18,standard,CA
SYN-001347,2023-11,0,14903.73,24,near_prime,OH
SYN-001348,2023-11,0,8699.27,12,near_prime,NY
SYN-001349,2023-11,0,14132.57,12,near_prime,CA
SYN-001350,2023-12,0,7565.92,36,subprime,IL
SYN-001351,2023-12,0,17641.62,12,standard,OH
SYN-001352,2023-12,0,13044.59,18,near_prime,TX
SYN-001353,2023-12,0,7473.08,36,standard,GA
SYN-001354,2023-12,1,5470.38,12,subprime,WA
SYN-001355,2023-12,0,17388.63,12,standard,WA
SYN-001356,2023-12,0,12663.14,12,subprime,NY
SYN-001357,2023-12,0,20864.84,24,subprime,FL
SYN-001358,2023-12,1,11448.63,18,standard,OH
SYN-001359,2023-12,0,15245.82,24,standard,OH
SYN-001360,2023-12,0,5816.05,12,near_prime,TX
SYN-001361,2023-12,0,15803.75,36,standard,IL
SYN-001362,2023-12,0,7467.74,24,standard,NY
SYN-001363,2023-12,0,1730.42,18,standard,IL
SYN-001364,2023-12,0,14339.04,18,subprime,WA
SYN-001365,2023-12,0,9179.56,24,standard,IL
SYN-001366,2023-12,0,17138.23,36,standard,CA
SYN-001367,2023-12,0,15363.65,36,subprime,OH
SYN-001368,2023-12,0,5952.14,18,standard,NY
SYN-001369,2023-12,0,961.65,12,standard,FL
SYN-001370,2023-12,0,18193.8,18,standard,OH
SYN-001371,2023-12,0,1728.76,24,near_prime,GA
SYN-001372,2023-12,0,2902.8,36,near_prime,FL
SYN-001373,2023-12,0,7444.08,12,standard,GA
SYN-001374,2023-12,0,12361.56,24,standard,TX
SYN-001375,2023-12,0,12637.62,18,standard,OH
SYN-001376,2023-12,0,13992.86,18,standard,GA
SYN-001377,2023-12,0,3016.68,24,standard,FL
SYN-001378,2023-12,0,13203.13,36,standard,OH
SYN-001379,2023-12,0,15617.45,12,near_prime,TX
SYN-001380,2023-12,0,11404.12,18,near_prime,WA
SYN-001381,2023-12,0,3080.04,18,near_prime,IL
SYN-001382,2023-12,0,1632.53,12,subprime,FL
SYN-001383,2023-12,1,17530.54,12,standard,IL
SYN-001384,2023-12,0,8675.09,36,standard,WA
SYN-001385,2023-12,1,9837.45,12,standard,CA
SYN-001386,2023-12,0,6104.85,18,near_prime,NY
SYN-001387,2023-12,0,5709.9,36,standard,GA
SYN-001388,2023-12,0,3690.75,36,standard,GA
SYN-001389,2023-12,0,3835.73,18,subprime,NY
SYN-001390,2023-12,0,10776.47,18,standard,GA
SYN-001391,2023-12,0,17863.11,18,standard,TX
SYN-001392,2023-12,0,8000.03,24,standard,WA
SYN-001393,2023-12,0,3390.03,18,standard,NY
SYN-001394,2023-12,0,2658.55,12,standard,IL
SYN-001395,2023-12,0,15080.33,12,standard,IL
SYN-001396,2023-12,0,11552.16,12,standard,GA
SYN-001397,2023-12,0,15067.7,36,near_prime,CA
SYN-001398,2023-12,0,13424.04,18,standard,IL
SYN-001399,2023-12,0,13639.92,24,near_prime,GA
SYN-001400,2023-12,0,4040.95,24,standard,IL
SYN-001401,2023-12,0,11516.7,18,subprime,IL
SYN-001402,2023-12,1,6335.44,12,standard,NY
SYN-001403,2023-12,0,4280.88,12,subprime,OH
SYN-001404,2023-12,0,1137.69,36,subprime,FL
SYN-001405,2023-12,0,9915.7,12,standard,CA
SYN-001406,2023-12,0,13235.87,24,standard,CA
SYN-001407,2023-12,0,17874.26,18,standard,FL
SYN-001408,2023-12,0,17658.96,36,standard,TX
SYN-001409,2023-12,0,12819.42,12,standard,IL
SYN-001410,2023-12,0,13863.06,36,near_prime,CA
SYN-001411,2023-12,1,19086.71,36,subprime,OH
SYN-001412,2023-12,0,7063.9,12,standard,GA
SYN-001413,2023-12,0,2593.68,36,standard,FL
SYN-001414,2023-12,0,16962.03,12,standard,NY
SYN-001415,2023-12,0,7425.28,24,standard,IL
SYN-001416,2023-12,0,8562.73,36,near_prime,GA
SYN-001417,2023-12,0,16439.3,18,near_prime,FL
SYN-001418,2023-12,0,13967.45,12,standard,OH
SYN-001419,2023-12,0,20927.51,12,subprime,FL
SYN-001420,2023-12,0,14329.75,36,standard,GA
SYN-001421,2023-12,0,17750.91,12,near_prime,CA
SYN-001422,2023-12,0,4986.14,24,standard,CA
SYN-001423,2023-12,0,5923.56,36,standard,FL
SYN-001424,2023-12,0,4107.43,24,standard,NY
SYN-001425,2023-12,0,8396.11,36,standard,FL
SYN-001426,2023-12,0,15931.23,18,near_prime,CA
SYN-001427,2023-12,0,4201.54,18,standard,TX
SYN-001428,2023-12,0,8662.08,24,subprime,NY
SYN-001429,2023-12,0,9281.76,36,standard,IL
SYN-001430,2023-12,0,17491.08,36,standard,FL
SYN-001431,2023-12,0,1722.71,24,near_prime,TX
SYN-001432,2023-12,0,5265.06,36,standard,TX
SYN-001433,2023-12,0,12888.42,18,standard,WA
SYN-001434,2023-12,0,11223.73,24,standard,GA
SYN-001435,2023-12,0,2682.67,12,near_prime,NY
SYN-001436,2023-12,0,8690.13,12,near_prime,WA
SYN-001437,2023-12,0,9193.31,18,standard,FL
SYN-001438,2023-12,0,10543.77,24,near_prime,WA
SYN-001439,2023-12,1,10048.86,12,subprime,GA
SYN-001440,2023-12,0,17658.26,12,standard,FL
SYN-001441,2023-12,0,17717.71,12,standard,GA
SYN-001442,2023-12,0,10224.72,12,standard,GA
SYN-001443,2023-12,1,7707.37,24,standard,NY
SYN-001444,2023-12,0,956.85,36,standard,IL
SYN-001445,2023-12,0,4699.95,24,standard,CA
SYN-001446,2023-12,0,5965.63,18,standard,FL
SYN-001447,2023-12,0,14794.0,18,standard,TX
SYN-001448,2023-12,0,6950.08,24,near_prime,IL
SYN-001449,2023-12,1,8027.67,24,standard,CA
SYN-001450,2023-12,0,5383.44,24,subprime,TX
SYN-001451,2023-12,0,12979.64,24,standard,NY
SYN-001452,2023-12,0,5411.11,24,subprime,GA
SYN-001453,2023-12,0,4901.5,36,near_prime,TX
SYN-001454,2023-12,0,8931.2,18,standard,FL
SYN-001455,2023-12,0,1172.54,18,standard,NY
SYN-001456,2023-12,0,2075.26,18,near_prime,GA
SYN-001457,2023-12,0,10123.98,12,near_prime,CA
SYN-001458,2023-12,0,1039.87,12,near_prime,IL
SYN-001459,2023-12,1,11904.7,12,near_prime,TX
SYN-001460,2023-12,0,15283.12,12,standard,OH
SYN-001461,2023-12,1,7176.82,36,subprime,IL
SYN-001462,2023-12,0,2978.44,12,standard,GA
SYN-001463,2024-01,0,4770.34,18,near_prime,IL
SYN-001464,2024-01,0,16358.12,36,near_prime,TX
SYN-001465,2024-01,0,18336.59,18,standard,WA
SYN-001466,2024-01,0,6706.93,24,near_prime,CA
SYN-001467,2024-01,0,3951.8,24,standard,FL
SYN-001468,2024-01,0,14907.16,24,subprime,OH
SYN-001469,2024-01,0,17312.01,12,standard,FL
SYN-001470,2024-01,0,3394.63,18,standard,OH
SYN-001471,2024-01,0,3223.45,36,subprime,TX
SYN-001472,2024-01,0,3057.38,36,standard,OH
SYN-001473,2024-01,0,8126.81,24,standard,NY
SYN-001474,2024-01,0,10523.3,36,standard,GA
SYN-001475,2024-01,0,13454.1,18,near_prime,CA
SYN-001476,2024-01,0,15855.53,24,near_prime,TX
SYN-001477,2024-01,0,6983.45,18,near_prime,GA
SYN-001478,2024-01,0,15452.45,12,near_prime,FL
SYN-001479,2024-01,0,1266.34,36,standard,TX
SYN-001480,2024-01,0,11312.48,18,standard,TX
SYN-001481,2024-01,0,1020.86,36,near_prime,FL
SYN-001482,2024-01,0,13164.58,24,standard,OH
SYN-001483,2024-01,0,13105.87,24,standard,CA
SYN-001484,2024-01,0,3872.37,18,standard,OH
SYN-001485,2024-01,0,15482.47,24,standard,FL
SYN-001486,2024-01,0,2427.28,36,standard,NY
SYN-001487,2024-01,0,1791.14,36,standard,TX
SYN-001488,2024-01,0,10455.02,24,subprime,GA
SYN-001489,2024-01,0,15019.1,36,near_prime,TX
SYN-001490,2024-01,0,14584.71,24,standard,TX
SYN-001491,2024-01,0,11368.86,24,near_prime,CA
SYN-001492,2024-01,0,2305.2,12,near_prime,CA
SYN-001493,2024-01,0,2449.83,24,near_prime,IL
SYN-001494,2024-01,0,11101.9,24,subprime,FL
SYN-001495,2024-01,0,2523.62,36,standard,FL
SYN-001496,2024-01,0,14890.43,36,near_prime,IL
SYN-001497,2024-01,0,12878.02,12,near_prime,NY
SYN-001498,2024-01,0,17356.17,18,subprime,WA
SYN-001499,2024-01,0,3122.2,24,standard,GA
SYN-001500,2024-01,0,13415.9,36,near_prime,TX
SYN-001501,2024-01,1,12459.27,36,subprime,IL
SYN-001502,2024-01,0,17950.36,12,standard,FL
SYN-001503,2024-01,0,4206.77,24,subprime,TX
SYN-001504,2024-01,0,14463.35,24,near_prime,OH
SYN-001505,2024-01,0,3285.92,12,standard,WA
SYN-001506,2024-01,0,9081.12,18,subprime,WA
SYN-001507,2024-01,0,12874.96,36,standard,CA
SYN-001508,2024-01,0,12196.44,18,standard,FL
SYN-001509,2024-01,0,6836.4,18,subprime,NY
SYN-001510,2024-01,0,8982.33,12,standard,OH
SYN-001511,2024-01,0,3990.84,12,near_prime,GA
SYN-001512,2024-01,0,6618.36,24,near_prime,NY
SYN-001513,2024-01,0,9229.08,24,standard,OH
SYN-001514,2024-01,0,4578.42,12,near_prime,CA
SYN-001515,2024-01,0,8278.19,36,subprime,NY
SYN-001516,2024-01,0,20311.09,36,subprime,TX
SYN-001517,2024-01,0,5648.12,12,near_prime,GA
SYN-001518,2024-01,1,12652.71,24,standard,GA
SYN-001519,2024-01,0,14131.22,18,standard,OH
SYN-001520,2024-01,0,12992.3,18,standard,GA
SYN-001521,2024-01,0,12337.29,18,subprime,FL
SYN-001522,2024-01,0,18258.71,24,standard,FL
SYN-001523,2024-01,0,6400.42,36,standard,OH
SYN-001524,2024-01,0,18369.67,36,subprime,CA
SYN-001525,2024-01,0,18128.87,36,near_prime,GA
SYN-001526,2024-01,0,4512.81,18,near_prime,CA
SYN-001527,2024-01,0,7239.16,24,standard,TX
SYN-001528,2024-01,0,12285.74,36,standard,GA
SYN-001529,2024-01,0,14341.94,12,standard,WA
SYN-001530,2024-01,0,11329.59,36,near_prime,GA
SYN-001531,2024-01,0,13227.04,12,standard,TX
SYN-001532,2024-01,0,1090.75,36,near_prime,TX
SYN-001533,2024-01,0,9709.5,12,standard,NY
SYN-001534,2024-01,0,8846.95,36,near_prime,TX
SYN-001535,2024-01,0,14849.4,36,standard,GA
SYN-001536,2024-01,0,7431.2,18,near_prime,IL
SYN-001537,2024-01,1,16777.31,36,standard,GA
SYN-001538,2024-01,0,1264.57,24,near_prime,WA
SYN-001539,2024-01,0,17777.14,36,standard,NY
SYN-001540,2024-01,0,7761.72,12,standard,FL
SYN-001541,2024-01,0,8866.83,18,subprime,FL
SYN-001542,2024-01,0,2562.53,18,standard,GA
SYN-001543,2024-01,0,13689.07,24,subprime,WA
SYN-001544,2024-01,0,2450.8,36,near_prime,FL
SYN-001545,2024-01,1,13324.09,12,near_prime,FL
SYN-001546,2024-01,0,13834.5,24,subprime,NY
SYN-001547,2024-01,0,10276.88,18,standard,GA
SYN-001548,2024-01,0,12468.86,24,standard,CA
SYN-001549,2024-01,0,11054.58,12,standard,TX
SYN-001550,2024-01,0,5799.6,18,near_prime,WA
SYN-001551,2024-01,1,5153.28,12,subprime,TX
SYN-001552,2024-01,0,11874.58,18,standard,WA
SYN-001553,2024-01,1,8780.55,18,standard,FL
SYN-001554,2024-01,0,11972.48,12,standard,WA
SYN-001555,2024-01,0,11667.89,12,standard,TX
SYN-001556,2024-01,0,1323.13,12,near_prime,NY
SYN-001557,2024-01,0,3256.52,18,subprime,TX
SYN-001558,2024-01,0,17435.31,24,standard,TX
SYN-001559,2024-01,0,10561.5,24,standard,GA
SYN-001560,2024-01,0,7878.98,18,standard,IL
SYN-001561,2024-01,0,3014.42,24,subprime,OH
SYN-001562,2024-01,0,8696.99,24,standard,GA
SYN-001563,2024-01,0,10838.41,24,standard,OH
SYN-001564,2024-01,0,1397.55,24,near_prime,WA
SYN-001565,2024-01,0,2829.3,24,standard,NY
SYN-001566,2024-01,0,12428.1,24,near_prime,CA
SYN-001567,2024-01,0,992.95,24,standard,WA
SYN-001568,2024-01,0,12352.19,36,subprime,NY
SYN-001569,2024-01,0,5721.46,12,near_prime,GA
SYN-001570,2024-01,0,6466.15,18,standard,CA
SYN-001571,2024-01,0,9494.28,12,subprime,GA
SYN-001572,2024-01,0,1176.46,12,near_prime,CA
SYN-001573,2024-01,0,6708.27,36,subprime,CA
SYN-001574,2024-01,0,1088.02,36,standard,IL
SYN-001575,2024-02,0,6921.09,12,standard,CA
SYN-001576,2024-02,0,13127.29,36,standard,TX
SYN-001577,2024-02,1,20006.96,12,subprime,CA
SYN-001578,2024-02,0,18385.66,36,near_prime,WA
SYN-001579,2024-02,0,11862.0,12,subprime,IL
SYN-001580,2024-02,1,1796.82,12,subprime,WA
SYN-001581,2024-02,0,14811.81,36,standard,FL
SYN-001582,2024-02,0,2922.26,24,standard,GA
SYN-001583,2024-02,0,12627.76,18,standard,IL
SYN-001584,2024-02,0,13736.3,18,standard,TX
SYN-001585,2024-02,0,15589.1,18,standard,NY
SYN-001586,2024-02,1,2130.06,36,standard,NY
SYN-001587,2024-02,0,7615.57,36,standard,WA
SYN-001588,2024-02,0,6319.31,36,standard,TX
SYN-001589,2024-02,0,5373.37,24,subprime,NY
SYN-001590,2024-02,0,4126.78,24,standard,TX
SYN-001591,2024-02,0,16308.67,12,near_prime,FL
SYN-001592,2024-02,0,9229.46,36,standard,TX
SYN-001593,2024-02,0,4553.57,36,standard,CA
SYN-001594,2024-02,0,7345.12,12,standard,GA
SYN-001595,2024-02,0,4153.26,18,near_prime,OH
SYN-001596,2024-02,0,2732.57,12,standard,NY
SYN-001597,2024-02,0,16642.53,24,near_prime,IL
SYN-001598,2024-02,0,11777.91,36,near_prime,IL
SYN-001599,2024-02,0,3827.22,18,standard,IL
SYN-001600,2024-02,0,2468.09,36,standard,NY
SYN-001601,2024-02,0,12861.53,18,near_prime,FL
SYN-001602,2024-02,0,14477.07,36,subprime,IL
SYN-001603,2024-02,0,4395.11,12,subprime,CA
SYN-001604,2024-02,1,5180.93,12,standard,IL
SYN-001605,2024-02,0,11611.85,18,subprime,TX
SYN-001606,2024-02,0,13830.5,36,standard,IL
SYN-001607,2024-02,0,5287.6,36,standard,WA
SYN-001608,2024-02,0,16685.48,36,subprime,CA
SYN-001609,2024-02,0,8062.65,18,near_prime,OH
SYN-001610,2024-02,0,11023.24,36,near_prime,NY
SYN-001611,2024-02,0,8609.68,12,subprime,OH
SYN-001612,2024-02,0,18752.87,18,subprime,WA
SYN-001613,2024-02,1,8186.11,24,standard,WA
SYN-001614,2024-02,0,3422.88,36,subprime,WA
SYN-001615,2024-02,0,17959.62,36,standard,FL
SYN-001616,2024-02,0,5929.14,18,standard,IL
SYN-001617,2024-02,0,1524.87,24,near_prime,OH
SYN-001618,2024-02,0,8416.71,12,standard,IL
SYN-001619,2024-02,0,9685.28,18,standard,FL
SYN-001620,2024-02,1,4924.39,12,subprime,WA
SYN-001621,2024-02,0,12809.45,36,near_prime,TX
SYN-001622,2024-02,0,19650.55,24,subprime,WA
SYN-001623,2024-02,0,3752.93,18,subprime,NY
SYN-001624,2024-02,0,2315.08,36,standard,GA
SYN-001625,2024-02,0,10120.31,24,near_prime,WA
SYN-001626,2024-02,0,8369.74,36,standard,CA
SYN-001627,2024-02,0,9487.8,18,subprime,NY
SYN-001628,2024-02,0,7404.07,24,standard,FL
SYN-001629,2024-02,0,905.37,36,standard,IL
SYN-001630,2024-02,0,14148.31,24,subprime,OH
SYN-001631,2024-02,0,16098.36,12,standard,CA
SYN-001632,2024-02,0,9937.87,36,standard,FL
SYN-001633,2024-02,0,6302.77,12,standard,NY
SYN-001634,2024-02,0,800.63,12,near_prime,TX
SYN-001635,2024-02,0,15539.26,36,standard,IL
SYN-001636,2024-02,0,18193.72,18,standard,OH
SYN-001637,2024-02,1,13482.26,36,subprime,FL
SYN-001638,2024-02,0,14302.71,18,subprime,NY
SYN-001639,2024-02,0,5933.64,12,standard,IL
SYN-001640,2024-02,0,13148.45,12,standard,FL
SYN-001641,2024-02,0,8890.36,36,near_prime,OH
SYN-001642,2024-02,0,16854.93,18,near_prime,IL
SYN-001643,2024-02,0,3602.17,18,near_prime,GA
SYN-001644,2024-02,0,3888.59,18,standard,WA
SYN-001645,2024-02,0,15998.35,18,standard,IL
SYN-001646,2024-02,0,2308.42,36,subprime,FL
SYN-001647,2024-02,0,17215.2,24,standard,WA
SYN-001648,2024-02,0,15488.99,12,standard,FL
SYN-001649,2024-02,0,12575.12,36,near_prime,NY
SYN-001650,2024-02,0,17378.15,18,subprime,GA
SYN-001651,2024-02,0,8234.99,12,standard,CA
SYN-001652,2024-02,0,2403.51,24,subprime,FL
SYN-001653,2024-02,0,13167.45,36,standard,NY
SYN-001654,2024-02,0,9492.52,24,near_prime,GA
SYN-001655,2024-02,1,17380.52,18,subprime,TX
SYN-001656,2024-02,0,15137.16,12,near_prime,TX
SYN-001657,2024-02,0,12877.79,36,standard,OH
SYN-001658,2024-02,0,7109.79,18,standard,GA
SYN-001659,2024-02,0,12505.1,18,subprime,TX
SYN-001660,2024-02,0,1711.18,24,standard,IL
SYN-001661,2024-02,0,6036.88,24,subprime,IL
SYN-001662,2024-02,0,10983.8,24,near_prime,TX
SYN-001663,2024-02,1,17383.61,24,standard,GA
SYN-001664,2024-02,0,6721.38,12,standard,WA
SYN-001665,2024-02,1,14422.21,12,subprime,CA
SYN-001666,2024-02,0,2052.51,36,standard,TX
SYN-001667,2024-02,1,10665.39,18,subprime,CA
SYN-001668,2024-02,0,4786.84,24,standard,NY
SYN-001669,2024-02,0,1779.81,18,near_prime,CA
SYN-001670,2024-02,0,1722.89,36,standard,GA
SYN-001671,2024-02,0,2845.82,12,standard,WA
SYN-001672,2024-02,0,6873.32,12,standard,CA
SYN-001673,2024-02,1,14030.32,12,near_prime,NY
SYN-001674,2024-02,0,2479.43,18,subprime,WA
SYN-001675,2024-02,0,12397.2,18,standard,GA
SYN-001676,2024-02,0,2966.06,12,standard,NY
SYN-001677,2024-02,0,13813.37,24,standard,OH
SYN-001678,2024-02,0,17463.26,24,standard,IL
SYN-001679,2024-02,0,10383.12,12,standard,OH
SYN-001680,2024-02,0,4402.92,18,standard,IL
SYN-001681,2024-02,0,4530.62,24,standard,CA
SYN-001682,2024-02,1,15134.75,36,subprime,CA
SYN-001683,2024-02,0,11211.85,24,standard,IL
SYN-001684,2024-02,0,8735.02,12,subprime,CA
SYN-001685,2024-02,0,7514.09,36,near_prime,CA
SYN-001686,2024-02,0,6956.14,12,standard,WA
SYN-001687,2024-02,0,19391.14,18,subprime,GA
SYN-001688,2024-02,0,16850.08,12,subprime,IL
SYN-001689,2024-02,0,20012.5,36,subprime,IL
SYN-001690,2024-02,1,7548.85,18,near_prime,IL
SYN-001691,2024-03,0,16620.61,24,subprime,IL
SYN-001692,2024-03,0,12468.37,12,standard,WA
SYN-001693,2024-03,0,18172.75,36,subprime,OH
SYN-001694,2024-03,0,7149.41,18,near_prime,TX
SYN-001695,2024-03,0,11602.81,24,standard,IL
SYN-001696,2024-03,0,5687.75,36,standard,FL
SYN-001697,2024-03,1,14272.44,18,subprime,OH
SYN-001698,2024-03,0,1542.61,18,standard,IL
SYN-001699,2024-03,1,1248.09,24,subprime,NY
SYN-001700,2024-03,0,2171.38,36,standard,NY
SYN-001701,2024-03,0,7373.06,36,standard,IL
SYN-001702,2024-03,0,6579.77,24,near_prime,WA
SYN-001703,2024-03,1,18030.97,12,standard,FL
SYN-001704,2024-03,0,1439.77,18,subprime,WA
SYN-001705,2024-03,0,8631.28,12,subprime,TX
SYN-001706,2024-03,0,20432.82,18,subprime,GA
SYN-001707,2024-03,0,2945.99,12,standard,OH
SYN-001708,2024-03,0,4251.92,24,standard,WA
SYN-001709,2024-03,0,6372.25,12,near_prime,GA
SYN-001710,2024-03,0,7030.13,12,standard,NY
SYN-001711,2024-03,0,8213.65,18,standard,GA
SYN-001712,2024-03,0,12586.48,24,standard,TX
SYN-001713,2024-03,0,8252.1,18,near_prime,NY
SYN-001714,2024-03,0,18759.24,12,subprime,OH
SYN-001715,2024-03,1,3037.24,12,standard,FL
SYN-001716,2024-03,0,3614.55,36,subprime,GA
SYN-001717,2024-03,0,5073.4,24,standard,WA
SYN-001718,2024-03,0,11714.34,12,standard,OH
SYN-001719,2024-03,0,13760.59,36,subprime,FL
SYN-001720,2024-03,1,13609.62,12,standard,WA
SYN-001721,2024-03,0,8827.43,24,standard,IL
SYN-001722,2024-03,1,2892.37,24,subprime,GA
SYN-001723,2024-03,1,7598.0,18,standard,NY
SYN-001724,2024-03,0,5725.14,24,standard,TX
SYN-001725,2024-03,0,9413.45,18,standard,IL
SYN-001726,2024-03,0,16256.86,18,subprime,NY
SYN-001727,2024-03,0,9803.96,18,standard,NY
SYN-001728,2024-03,0,15535.33,12,near_prime,GA
SYN-001729,2024-03,0,10019.82,36,standard,TX
SYN-001730,2024-03,0,8451.11,24,standard,IL
SYN-001731,2024-03,0,2861.39,24,standard,NY
SYN-001732,2024-03,0,6589.95,24,standard,TX
SYN-001733,2024-03,0,6372.14,12,standard,WA
SYN-001734,2024-03,0,10679.61,12,near_prime,NY
SYN-001735,2024-03,0,7458.9,18,near_prime,FL
SYN-001736,2024-03,0,4111.76,36,standard,TX
SYN-001737,2024-03,1,18367.43,18,subprime,NY
SYN-001738,2024-03,0,1486.99,24,standard,NY
SYN-001739,2024-03,0,9370.93,18,standard,IL
SYN-001740,2024-03,0,9476.93,36,standard,IL
SYN-001741,2024-03,0,2788.9,24,near_prime,NY
SYN-001742,2024-03,0,2850.0,36,standard,WA
SYN-001743,2024-03,0,13275.29,36,standard,GA
SYN-001744,2024-03,0,1312.64,24,standard,GA
SYN-001745,2024-03,0,14460.84,24,near_prime,OH
SYN-001746,2024-03,0,5414.38,12,standard,WA
SYN-001747,2024-03,0,1607.63,36,standard,FL
SYN-001748,2024-03,0,14598.07,12,standard,WA
SYN-001749,2024-03,0,10353.88,12,near_prime,WA
SYN-001750,2024-03,0,16529.07,12,subprime,WA
SYN-001751,2024-03,0,18238.35,36,standard,FL
SYN-001752,2024-03,0,7667.73,18,subprime,CA
SYN-001753,2024-03,0,1154.5,12,near_prime,CA
SYN-001754,2024-03,0,6135.96,18,near_prime,CA
SYN-001755,2024-03,0,2988.48,36,standard,IL
SYN-001756,2024-03,0,2477.71,36,subprime,FL
SYN-001757,2024-03,0,11211.07,36,near_prime,IL
SYN-001758,2024-03,0,8325.2,12,standard,TX
SYN-001759,2024-03,0,12412.1,36,standard,NY
SYN-001760,2024-03,0,12339.08,36,subprime,NY
SYN-001761,2024-03,0,18378.83,36,standard,TX
SYN-001762,2024-03,0,11028.47,12,standard,WA
SYN-001763,2024-03,0,2728.39,24,standard,TX
SYN-001764,2024-03,0,3795.83,36,near_prime,GA
SYN-001765,2024-03,0,9181.21,18,standard,GA
SYN-001766,2024-03,0,6780.27,18,standard,GA
SYN-001767,2024-03,0,6378.09,18,subprime,OH
SYN-001768,2024-03,0,12340.55,24,standard,TX
SYN-001769,2024-03,0,9585.16,12,subprime,FL
SYN-001770,2024-03,0,2950.16,18,standard,CA
SYN-001771,2024-03,0,10999.48,36,subprime,GA
SYN-001772,2024-03,0,6052.49,36,standard,IL
SYN-001773,2024-03,0,11687.28,24,standard,IL
SYN-001774,2024-03,0,4418.97,24,standard,OH
SYN-001775,2024-03,0,6644.14,18,near_prime,OH
SYN-001776,2024-03,0,8168.56,18,near_prime,CA
SYN-001777,2024-03,0,4121.84,12,standard,CA
SYN-001778,2024-03,0,11321.84,12,standard,NY
SYN-001779,2024-03,0,1050.09,18,standard,GA
SYN-001780,2024-03,0,6211.78,36,standard,NY
SYN-001781,2024-03,0,3497.87,18,near_prime,TX
SYN-001782,2024-03,0,10045.03,36,near_prime,IL
SYN-001783,2024-03,1,15927.04,36,subprime,NY
SYN-001784,2024-03,0,2779.19,18,subprime,CA
SYN-001785,2024-03,0,16658.37,12,standard,GA
SYN-001786,2024-03,0,6589.48,12,standard,GA
SYN-001787,2024-03,0,7083.35,24,standard,NY
SYN-001788,2024-03,0,20165.45,24,subprime,OH
SYN-001789,2024-03,0,14764.68,12,standard,WA
SYN-001790,2024-03,0,16130.65,36,near_prime,GA
SYN-001791,2024-03,0,10708.35,18,near_prime,CA
SYN-001792,2024-03,0,7189.55,18,near_prime,TX
SYN-001793,2024-03,1,19561.25,12,subprime,IL
SYN-001794,2024-03,1,7849.8,24,standard,CA
SYN-001795,2024-03,0,19800.79,36,subprime,TX
SYN-001796,2024-03,0,1310.41,18,near_prime,FL
SYN-001797,2024-03,0,15562.94,12,near_prime,CA
SYN-001798,2024-03,0,15984.66,24,standard,CA
SYN-001799,2024-03,0,12694.24,24,standard,WA
SYN-001800,2024-03,0,17447.65,36,standard,CA
SYN-001801,2024-04,0,14274.89,18,near_prime,OH
SYN-001802,2024-04,0,11570.96,36,near_prime,CA
SYN-001803,2024-04,0,10721.9,12,standard,TX
SYN-001804,2024-04,0,8995.2,12,standard,TX
SYN-001805,2024-04,0,11263.33,12,near_prime,NY
SYN-001806,2024-04,0,8948.18,18,standard,NY
SYN-001807,2024-04,0,13864.56,24,standard,FL
SYN-001808,2024-04,0,10801.21,36,standard,NY
SYN-001809,2024-04,0,6020.3,36,near_prime,WA
SYN-001810,2024-04,0,12160.32,36,standard,FL
SYN-001811,2024-04,0,15574.62,36,near_prime,GA
SYN-001812,2024-04,0,15153.08,24,standard,IL
SYN-001813,2024-04,0,14489.34,24,near_prime,TX
SYN-001814,2024-04,0,11970.71,36,standard,WA
SYN-001815,2024-04,0,12452.0,12,standard,WA
SYN-001816,2024-04,0,1080.77,36,subprime,TX
SYN-001817,2024-04,0,7136.68,18,near_prime,CA
SYN-001818,2024-04,0,11714.04,36,standard,NY
SYN-001819,2024-04,0,7405.9,24,standard,CA
SYN-001820,2024-04,0,18780.14,12,subprime,GA
SYN-001821,2024-04,0,3703.26,18,standard,NY
SYN-001822,2024-04,0,12481.4,18,subprime,CA
SYN-001823,2024-04,0,7215.26,18,subprime,FL
SYN-001824,2024-04,0,12457.37,18,standard,TX
SYN-001825,2024-04,0,15982.39,36,near_prime,WA
SYN-001826,2024-04,0,3620.14,12,near_prime,NY
SYN-001827,2024-04,0,14526.03,36,subprime,TX
SYN-001828,2024-04,0,6434.91,18,standard,IL
SYN-001829,2024-04,0,15786.72,36,subprime,WA
SYN-001830,2024-04,0,13905.6,12,standard,NY
SYN-001831,2024-04,0,6815.36,12,standard,TX
SYN-001832,2024-04,0,3244.01,18,standard,TX
SYN-001833,2024-04,0,12376.6,36,standard,OH
SYN-001834,2024-04,0,17765.68,36,near_prime,TX
SYN-001835,2024-04,0,2262.74,12,standard,CA
SYN-001836,2024-04,1,3078.69,36,near_prime,GA
SYN-001837,2024-04,0,1764.85,36,standard,OH
SYN-001838,2024-04,0,14623.76,24,standard,TX
SYN-001839,2024-04,0,18159.0,36,standard,CA
SYN-001840,2024-04,0,17334.93,24,standard,OH
SYN-001841,2024-04,0,9026.31,12,standard,WA
SYN-001842,2024-04,0,11408.11,24,near_prime,IL
SYN-001843,2024-04,0,1216.49,24,standard,CA
SYN-001844,2024-04,0,6069.0,12,standard,CA
SYN-001845,2024-04,0,7813.0,18,standard,FL
SYN-001846,2024-04,0,8430.48,24,standard,NY
SYN-001847,2024-04,0,19312.38,36,subprime,CA
SYN-001848,2024-04,0,18090.13,12,near_prime,TX
SYN-001849,2024-04,1,12070.32,24,standard,IL
SYN-001850,2024-04,0,13945.52,12,standard,TX
SYN-001851,2024-04,0,10904.84,24,standard,NY
SYN-001852,2024-04,0,1664.31,36,standard,IL
SYN-001853,2024-04,1,14576.07,24,standard,GA
SYN-001854,2024-04,0,14724.93,24,subprime,GA
SYN-001855,2024-04,0,5663.41,36,standard,WA
SYN-001856,2024-04,0,4779.4,24,near_prime,OH
SYN-001857,2024-04,0,12035.48,24,standard,CA
SYN-001858,2024-04,0,6457.68,36,standard,OH
SYN-001859,2024-04,1,13149.74,36,near_prime,TX
SYN-001860,2024-04,0,10735.47,24,standard,WA
SYN-001861,2024-04,1,14090.18,36,standard,FL
SYN-001862,2024-04,1,10798.6,36,standard,IL
SYN-001863,2024-04,0,9486.4,18,standard,GA
SYN-001864,2024-04,0,15839.13,12,standard,TX
SYN-001865,2024-04,0,3961.62,18,standard,GA
SYN-001866,2024-04,0,7030.84,18,standard,WA
SYN-001867,2024-04,0,11955.88,24,standard,NY
SYN-001868,2024-04,0,10992.33,36,subprime,FL
SYN-001869,2024-04,0,4535.59,24,subprime,OH
SYN-001870,2024-04,0,12895.33,12,standard,GA
SYN-001871,2024-04,0,12064.58,18,standard,TX
SYN-001872,2024-04,0,13759.02,12,standard,OH
SYN-001873,2024-04,0,17647.68,12,standard,GA
SYN-001874,2024-04,0,16082.86,18,standard,NY
SYN-001875,2024-04,0,17387.39,18,near_prime,CA
SYN-001876,2024-04,0,8962.88,18,near_prime,NY
SYN-001877,2024-04,0,18018.65,12,standard,FL
SYN-001878,2024-04,1,13580.22,12,near_prime,GA
SYN-001879,2024-04,0,21184.11,36,subprime,IL
SYN-001880,2024-04,0,11857.59,12,subprime,CA
SYN-001881,2024-04,0,7851.62,12,standard,OH
SYN-001882,2024-04,0,2995.81,18,standard,TX
SYN-001883,2024-04,0,7286.42,24,standard,OH
SYN-001884,2024-04,0,2519.12,12,near_prime,NY
SYN-001885,2024-04,0,6861.24,36,standard,IL
SYN-001886,2024-04,0,11321.38,18,standard,NY
SYN-001887,2024-04,0,12390.85,24,subprime,IL
SYN-001888,2024-04,0,8585.56,24,standard,FL
SYN-001889,2024-04,0,5974.29,36,near_prime,NY
SYN-001890,2024-04,0,3426.03,12,standard,GA
SYN-001891,2024-04,0,16730.07,24,standard,WA
SYN-001892,2024-04,0,7490.22,36,standard,OH
SYN-001893,2024-04,0,16679.26,12,near_prime,NY
SYN-001894,2024-04,0,4770.29,24,standard,TX
SYN-001895,2024-04,0,7110.08,36,standard,CA
SYN-001896,2024-04,0,18135.16,18,subprime,CA
SYN-001897,2024-04,0,2549.47,24,standard,TX
SYN-001898,2024-04,0,2059.37,18,subprime,FL
SYN-001899,2024-04,0,12319.29,18,standard,FL
SYN-001900,2024-04,0,11581.74,24,near_prime,TX
SYN-001901,2024-04,0,3618.03,24,subprime,OH
SYN-001902,2024-04,0,10303.73,12,standard,NY
SYN-001903,2024-04,0,8621.6,36,standard,NY
SYN-001904,2024-04,0,6109.31,12,standard,TX
SYN-001905,2024-04,0,8634.76,18,standard,OH
SYN-001906,2024-04,0,6044.33,36,subprime,FL
SYN-001907,2024-04,0,9354.05,24,standard,NY
SYN-001908,2024-04,0,12797.81,24,standard,FL
SYN-001909,2024-04,0,6449.97,36,standard,GA
SYN-001910,2024-04,0,2473.85,36,standard,FL
SYN-001911,2024-05,0,14302.49,18,standard,OH
SYN-001912,2024-05,0,6111.09,18,near_prime,FL
SYN-001913,2024-05,0,7813.45,18,near_prime,FL
SYN-001914,2024-05,0,9941.45,36,standard,IL
SYN-001915,2024-05,0,5452.54,24,near_prime,WA
SYN-001916,2024-05,0,7338.88,24,subprime,GA
SYN-001917,2024-05,0,17437.78,12,near_prime,FL
SYN-001918,2024-05,0,16533.27,12,subprime,IL
SYN-001919,2024-05,0,7410.51,24,standard,NY
SYN-001920,2024-05,0,11730.74,36,standard,NY
SYN-001921,2024-05,0,13594.43,36,near_prime,GA
SYN-001922,2024-05,0,16887.31,36,standard,GA
SYN-001923,2024-05,0,1793.23,24,near_prime,IL
SYN-001924,2024-05,0,3176.84,12,near_prime,GA
SYN-001925,2024-05,0,18709.26,24,subprime,OH
SYN-001926,2024-05,0,10937.38,24,near_prime,CA
SYN-001927,2024-05,0,14427.33,24,near_prime,OH
SYN-001928,2024-05,0,4602.19,24,standard,WA
SYN-001929,2024-05,0,17994.46,24,near_prime,CA
SYN-001930,2024-05,0,12167.65,36,near_prime,CA
SYN-001931,2024-05,0,2147.13,24,subprime,CA
SYN-001932,2024-05,0,18691.56,24,subprime,WA
SYN-001933,2024-05,0,13799.48,12,standard,FL
SYN-001934,2024-05,0,15779.5,12,standard,NY
SYN-001935,2024-05,0,14377.94,36,standard,FL
SYN-001936,2024-05,0,2092.56,24,standard,GA
SYN-001937,2024-05,0,9091.84,24,subprime,CA
SYN-001938,2024-05,0,6506.2,18,near_prime,WA
SYN-001939,2024-05,0,12368.94,18,standard,WA
SYN-001940,2024-05,0,15471.88,18,subprime,IL
SYN-001941,2024-05,0,1264.17,12,near_prime,TX
SYN-001942,2024-05,0,6381.45,18,standard,FL
SYN-001943,2024-05,1,5598.08,18,standard,OH
SYN-001944,2024-05,0,17579.84,12,near_prime,NY
SYN-001945,2024-05,0,8708.58,36,standard,TX
SYN-001946,2024-05,0,3899.21,12,near_prime,OH
SYN-001947,2024-05,0,7143.51,24,standard,TX
SYN-001948,2024-05,0,7169.5,24,standard,CA
SYN-001949,2024-05,0,15020.39,36,near_prime,WA
SYN-001950,2024-05,0,17947.66,36,subprime,NY
SYN-001951,2024-05,1,2639.01,36,subprime,IL
SYN-001952,2024-05,0,16682.76,12,standard,CA
SYN-001953,2024-05,0,3556.92,36,near_prime,NY
SYN-001954,2024-05,0,14373.68,24,subprime,GA
SYN-001955,2024-05,0,17372.36,18,near_prime,FL
SYN-001956,2024-05,0,17171.69,18,standard,GA
SYN-001957,2024-05,1,16888.96,24,standard,CA
SYN-001958,2024-05,0,16532.12,12,standard,GA
SYN-001959,2024-05,1,7473.55,18,near_prime,NY
SYN-001960,2024-05,0,18290.99,12,near_prime,GA
SYN-001961,2024-05,0,11845.08,18,subprime,CA
SYN-001962,2024-05,0,9109.92,24,standard,WA
SYN-001963,2024-05,0,14525.93,12,subprime,NY
SYN-001964,2024-05,0,9910.79,18,near_prime,TX
SYN-001965,2024-05,0,5796.71,12,standard,IL
SYN-001966,2024-05,0,18039.03,24,standard,GA
SYN-001967,2024-05,0,3370.41,12,standard,CA
SYN-001968,2024-05,1,18137.69,12,standard,NY
SYN-001969,2024-05,0,6508.82,36,near_prime,GA
SYN-001970,2024-05,0,4602.6,24,standard,IL
SYN-001971,2024-05,0,9906.49,24,standard,IL
SYN-001972,2024-05,0,16233.89,36,standard,WA
SYN-001973,2024-05,1,5452.68,24,standard,FL
SYN-001974,2024-05,0,18059.06,12,near_prime,FL
SYN-001975,2024-05,0,7169.6,36,subprime,FL
SYN-001976,2024-05,0,17460.12,18,standard,CA
SYN-001977,2024-05,0,13979.35,18,near_prime,CA
SYN-001978,2024-05,0,8301.87,18,subprime,FL
SYN-001979,2024-05,0,2572.44,18,standard,NY
SYN-001980,2024-05,0,16208.73,18,subprime,GA
SYN-001981,2024-05,0,6587.27,36,subprime,GA
SYN-001982,2024-05,0,10446.22,18,subprime,TX
SYN-001983,2024-05,0,10636.91,24,standard,TX
SYN-001984,2024-05,0,8063.65,18,near_prime,NY
SYN-001985,2024-05,0,3622.14,36,standard,WA
SYN-001986,2024-05,0,17851.42,24,near_prime,FL
SYN-001987,2024-05,1,3320.63,24,near_prime,TX
SYN-001988,2024-05,0,10079.06,36,standard,TX
SYN-001989,2024-05,0,11597.63,18,standard,WA
SYN-001990,2024-05,0,20246.83,12,subprime,TX
SYN-001991,2024-05,0,8338.62,18,standard,OH
SYN-001992,2024-05,0,4776.01,12,standard,WA
SYN-001993,2024-05,0,15844.39,36,near_prime,GA
SYN-001994,2024-05,0,2661.86,24,near_prime,IL
SYN-001995,2024-05,0,6620.29,24,standard,TX
SYN-001996,2024-05,0,9394.21,36,standard,IL
SYN-001997,2024-05,0,14622.32,36,near_prime,GA
SYN-001998,2024-05,0,16205.96,36,standard,TX
SYN-001999,2024-05,0,2879.28,18,standard,GA
SYN-002000,2024-05,0,15540.77,12,subprime,OH
SYN-002001,2024-05,0,10052.95,36,standard,GA
SYN-002002,2024-05,0,1253.84,18,standard,TX
SYN-002003,2024-05,0,8094.95,12,standard,IL
SYN-002004,2024-05,0,12889.31,24,standard,OH
SYN-002005,2024-05,0,6543.87,24,standard,WA
SYN-002006,2024-05,0,14133.75,18,standard,WA
SYN-002007,2024-05,0,10326.76,18,standard,TX
SYN-002008,2024-05,0,6338.76,36,standard,NY
SYN-002009,2024-05,0,13320.91,24,standard,WA
SYN-002010,2024-05,0,17779.76,24,standard,IL
SYN-002011,2024-05,0,15173.15,24,subprime,GA
SYN-002012,2024-05,0,2144.06,12,standard,GA
SYN-002013,2024-05,0,3887.06,24,subprime,GA
SYN-002014,2024-05,0,17722.53,24,near_prime,WA
SYN-002015,2024-05,0,9927.82,12,subprime,IL
SYN-002016,2024-05,0,4773.09,18,near_prime,NY
SYN-002017,2024-05,0,6053.24,12,near_prime,OH
SYN-002018,2024-05,0,10556.7,18,standard,GA
SYN-002019,2024-05,0,16528.29,36,standard,WA
SYN-002020,2024-05,0,6284.71,24,subprime,NY
SYN-002021,2024-05,0,7120.21,18,standard,NY
SYN-002022,2024-05,0,11047.56,12,standard,OH
SYN-002023,2024-05,0,2655.09,18,standard,NY
SYN-002024,2024-05,0,10964.39,12,standard,GA
SYN-002025,2024-06,1,4407.65,36,subprime,WA
SYN-002026,2024-06,1,13301.67,12,standard,IL
SYN-002027,2024-06,0,17568.11,12,standard,FL
SYN-002028,2024-06,0,5300.48,36,subprime,IL
SYN-002029,2024-06,0,10886.48,36,standard,WA
SYN-002030,2024-06,0,20682.44,12,subprime,TX
SYN-002031,2024-06,0,2056.94,12,standard,NY
SYN-002032,2024-06,1,11447.0,18,near_prime,OH
SYN-002033,2024-06,0,6672.68,12,standard,GA
SYN-002034,2024-06,0,8681.17,36,subprime,TX
SYN-002035,2024-06,0,3940.17,36,standard,FL
SYN-002036,2024-06,0,4350.75,24,standard,WA
SYN-002037,2024-06,0,2464.29,24,standard,CA
SYN-002038,2024-06,0,2490.18,12,standard,CA
SYN-002039,2024-06,0,6220.87,24,standard,NY
SYN-002040,2024-06,0,9618.16,18,standard,FL
SYN-002041,2024-06,0,10959.53,36,standard,FL
SYN-002042,2024-06,1,15214.2,36,standard,TX
SYN-002043,2024-06,0,7263.95,24,subprime,FL
SYN-002044,2024-06,0,11049.69,18,subprime,OH
SYN-002045,2024-06,0,12074.14,36,subprime,TX
SYN-002046,2024-06,0,7272.78,18,standard,GA
SYN-002047,2024-06,0,1837.65,36,near_prime,TX
SYN-002048,2024-06,0,2771.36,24,subprime,GA
SYN-002049,2024-06,0,12184.61,24,standard,NY
SYN-002050,2024-06,0,11886.21,36,standard,CA
SYN-002051,2024-06,0,6490.81,36,standard,IL
SYN-002052,2024-06,0,13170.56,12,standard,FL
SYN-002053,2024-06,0,13884.85,12,standard,NY
SYN-002054,2024-06,0,10318.42,36,standard,FL
SYN-002055,2024-06,0,12856.06,12,standard,FL
SYN-002056,2024-06,0,15421.12,12,subprime,CA
SYN-002057,2024-06,1,7552.35,12,near_prime,NY
SYN-002058,2024-06,0,16999.84,24,standard,NY
SYN-002059,2024-06,0,15628.84,12,standard,IL
SYN-002060,2024-06,0,9526.92,24,subprime,IL
SYN-002061,2024-06,0,981.02,36,standard,NY
SYN-002062,2024-06,0,10857.65,12,subprime,OH
SYN-002063,2024-06,0,13004.14,12,near_prime,OH
SYN-002064,2024-06,0,10303.83,18,near_prime,GA
SYN-002065,2024-06,0,5869.97,24,standard,NY
SYN-002066,2024-06,0,12211.94,36,subprime,CA
SYN-002067,2024-06,0,2735.39,18,standard,TX
SYN-002068,2024-06,0,15073.44,18,standard,FL
SYN-002069,2024-06,0,14413.54,18,standard,CA
SYN-002070,2024-06,0,17590.03,24,standard,FL
SYN-002071,2024-06,0,4351.49,12,standard,IL
SYN-002072,2024-06,0,4786.67,18,standard,CA
SYN-002073,2024-06,0,2332.29,18,subprime,FL
SYN-002074,2024-06,0,17865.92,12,near_prime,CA
SYN-002075,2024-06,0,3807.5,24,standard,TX
SYN-002076,2024-06,0,904.46,12,standard,TX
SYN-002077,2024-06,1,16434.1,12,subprime,OH
SYN-002078,2024-06,0,14044.7,24,subprime,NY
SYN-002079,2024-06,0,11643.17,24,standard,OH
SYN-002080,2024-06,0,4037.12,24,subprime,FL
SYN-002081,2024-06,0,8826.94,24,subprime,CA
SYN-002082,2024-06,0,6107.48,12,standard,NY
SYN-002083,2024-06,0,3464.87,24,subprime,GA
SYN-002084,2024-06,0,8805.92,36,standard,GA
SYN-002085,2024-06,0,10179.88,18,near_prime,NY
SYN-002086,2024-06,0,15765.04,24,subprime,GA
SYN-002087,2024-06,0,6232.11,36,standard,OH
SYN-002088,2024-06,0,15542.12,36,standard,FL
SYN-002089,2024-06,0,17387.06,36,standard,NY
SYN-002090,2024-06,0,12605.79,24,standard,FL
SYN-002091,2024-06,0,10978.72,18,standard,NY
SYN-002092,2024-06,0,3577.45,36,subprime,CA
SYN-002093,2024-06,0,14729.23,12,standard,CA
SYN-002094,2024-06,0,2392.06,24,standard,NY
SYN-002095,2024-06,0,1968.61,24,standard,OH
SYN-002096,2024-06,0,3901.36,24,standard,FL
SYN-002097,2024-06,0,2896.4,36,near_prime,OH
SYN-002098,2024-06,0,5777.85,18,standard,FL
SYN-002099,2024-06,0,2895.84,12,subprime,GA
SYN-002100,2024-06,0,14378.34,24,standard,FL
SYN-002101,2024-06,0,1151.46,36,standard,WA
SYN-002102,2024-06,0,18964.52,12,subprime,GA
SYN-002103,2024-06,0,3178.83,18,subprime,TX
SYN-002104,2024-06,0,18209.21,36,standard,GA
SYN-002105,2024-06,0,8353.97,24,subprime,CA
SYN-002106,2024-06,0,16832.95,12,standard,IL
SYN-002107,2024-06,0,8463.21,12,standard,OH
SYN-002108,2024-06,0,6692.66,12,standard,CA
SYN-002109,2024-06,0,1140.06,36,standard,GA
SYN-002110,2024-06,0,12692.7,36,near_prime,GA
SYN-002111,2024-06,0,6855.68,24,standard,OH
SYN-002112,2024-06,0,2274.52,36,standard,WA
SYN-002113,2024-06,0,19154.4,12,subprime,TX
SYN-002114,2024-06,0,3934.8,12,near_prime,TX
SYN-002115,2024-06,0,1116.33,12,subprime,TX
SYN-002116,2024-06,0,11882.44,36,near_prime,TX
SYN-002117,2024-06,0,1794.15,18,standard,TX
SYN-002118,2024-06,0,13513.1,12,near_prime,NY
SYN-002119,2024-06,0,13490.53,36,near_prime,OH
SYN-002120,2024-06,0,15336.18,36,subprime,IL
SYN-002121,2024-06,0,11275.07,12,standard,TX
SYN-002122,2024-06,0,4299.65,18,near_prime,NY
SYN-002123,2024-06,0,13240.77,12,standard,NY
SYN-002124,2024-06,0,12044.76,24,near_prime,IL
SYN-002125,2024-06,0,5241.81,24,near_prime,IL
SYN-002126,2024-06,0,3654.38,12,standard,CA
SYN-002127,2024-06,0,15273.35,12,standard,OH
SYN-002128,2024-06,0,13973.56,12,near_prime,WA
SYN-002129,2024-06,0,11517.47,12,standard,WA
SYN-002130,2024-06,0,13936.81,36,standard,OH
SYN-002131,2024-06,0,18484.02,18,standard,WA
SYN-002132,2024-06,0,16375.55,24,standard,GA
SYN-002133,2024-06,0,16713.89,36,standard,GA
SYN-002134,2024-06,0,1233.29,18,standard,FL
SYN-002135,2024-07,0,8488.55,18,standard,NY
SYN-002136,2024-07,0,7725.86,18,near_prime,OH
SYN-002137,2024-07,0,6172.34,24,standard,OH
SYN-002138,2024-07,0,17567.76,18,standard,WA
SYN-002139,2024-07,0,2281.87,24,subprime,FL
SYN-002140,2024-07,1,17497.08,18,near_prime,IL
SYN-002141,2024-07,0,6792.88,24,standard,TX
SYN-002142,2024-07,0,10174.57,24,standard,FL
SYN-002143,2024-07,0,17976.62,12,standard,NY
SYN-002144,2024-07,0,6573.75,18,near_prime,OH
SYN-002145,2024-07,0,10623.42,24,standard,WA
SYN-002146,2024-07,0,10929.27,18,standard,NY
SYN-002147,2024-07,0,9114.62,12,standard,GA
SYN-002148,2024-07,0,11837.84,12,standard,IL
SYN-002149,2024-07,0,7695.5,18,near_prime,FL
SYN-002150,2024-07,0,14566.34,36,standard,WA
SYN-002151,2024-07,0,11785.55,18,standard,OH
SYN-002152,2024-07,0,13230.11,18,subprime,TX
SYN-002153,2024-07,0,1871.96,18,standard,NY
SYN-002154,2024-07,0,8286.95,12,standard,IL
SYN-002155,2024-07,0,12333.94,36,near_prime,FL
SYN-002156,2024-07,0,7561.74,18,standard,TX
SYN-002157,2024-07,0,10200.72,18,subprime,FL
SYN-002158,2024-07,0,6513.63,12,standard,OH
SYN-002159,2024-07,0,6380.26,36,standard,WA
SYN-002160,2024-07,0,6581.01,12,standard,CA
SYN-002161,2024-07,0,2057.01,18,subprime,FL
SYN-002162,2024-07,0,10053.22,18,near_prime,WA
SYN-002163,2024-07,0,8103.76,12,standard,GA
SYN-002164,2024-07,0,7809.03,18,standard,NY
SYN-002165,2024-07,1,2839.91,24,standard,CA
SYN-002166,2024-07,1,15719.21,18,near_prime,NY
SYN-002167,2024-07,0,20347.24,18,subprime,GA
SYN-002168,2024-07,0,14350.0,36,near_prime,GA
SYN-002169,2024-07,0,1510.3,12,standard,CA
SYN-002170,2024-07,0,2227.11,24,standard,GA
SYN-002171,2024-07,0,10291.27,24,near_prime,GA
SYN-002172,2024-07,0,4368.07,24,near_prime,IL
SYN-002173,2024-07,0,12313.19,36,standard,GA
SYN-002174,2024-07,0,2794.67,36,near_prime,NY
SYN-002175,2024-07,0,10892.66,24,near_prime,IL
SYN-002176,2024-07,0,1762.31,18,standard,IL
SYN-002177,2024-07,0,1221.48,12,near_prime,WA
SYN-002178,2024-07,0,17558.27,36,near_prime,GA
SYN-002179,2024-07,0,3725.05,36,standard,NY
SYN-002180,2024-07,0,2698.53,12,near_prime,CA
SYN-002181,2024-07,0,19853.4,24,subprime,FL
SYN-002182,2024-07,0,7314.48,18,near_prime,WA
SYN-002183,2024-07,1,8189.52,12,near_prime,TX
SYN-002184,2024-07,0,5450.24,18,standard,CA
SYN-002185,2024-07,1,19891.74,18,subprime,NY
SYN-002186,2024-07,0,16489.99,24,standard,OH
SYN-002187,2024-07,0,13044.89,18,near_prime,CA
SYN-002188,2024-07,0,8455.03,36,near_prime,CA
SYN-002189,2024-07,0,17781.89,24,standard,NY
SYN-002190,2024-07,0,1416.92,24,subprime,OH
SYN-002191,2024-07,0,21190.27,12,subprime,GA
SYN-002192,2024-07,0,13242.16,18,standard,IL
SYN-002193,2024-07,0,11385.47,36,standard,WA
SYN-002194,2024-07,0,7371.52,18,standard,GA
SYN-002195,2024-07,0,7911.49,36,near_prime,FL
SYN-002196,2024-07,0,16220.02,36,subprime,GA
SYN-002197,2024-07,0,5281.65,18,near_prime,OH
SYN-002198,2024-07,0,10344.05,18,standard,FL
SYN-002199,2024-07,0,10361.74,18,standard,NY
SYN-002200,2024-07,0,8987.71,36,subprime,CA
SYN-002201,2024-07,0,10985.72,24,standard,FL
SYN-002202,2024-07,0,12906.99,24,standard,WA
SYN-002203,2024-07,0,7790.8,36,standard,GA
SYN-002204,2024-07,0,18286.73,18,standard,NY
SYN-002205,2024-07,0,16609.35,12,standard,IL
SYN-002206,2024-07,0,7988.32,18,near_prime,NY
SYN-002207,2024-07,0,1350.42,12,near_prime,TX
SYN-002208,2024-07,0,8811.01,12,near_prime,GA
SYN-002209,2024-07,0,11376.83,24,near_prime,GA
SYN-002210,2024-07,0,17076.14,12,standard,OH
SYN-002211,2024-07,0,1349.41,36,standard,TX
SYN-002212,2024-07,0,11192.11,24,standard,CA
SYN-002213,2024-07,0,17841.0,12,standard,TX
SYN-002214,2024-07,0,15502.15,12,near_prime,NY
SYN-002215,2024-07,0,9106.25,24,standard,OH
SYN-002216,2024-07,0,8067.75,12,near_prime,CA
SYN-002217,2024-07,0,9966.37,18,subprime,GA
SYN-002218,2024-07,0,11823.42,12,subprime,OH
SYN-002219,2024-07,0,8795.55,18,near_prime,GA
SYN-002220,2024-07,0,3539.89,12,near_prime,CA
SYN-002221,2024-07,1,13978.19,18,standard,FL
SYN-002222,2024-07,0,16120.51,36,near_prime,TX
SYN-002223,2024-07,0,3263.93,12,near_prime,GA
SYN-002224,2024-07,0,10095.6,24,near_prime,OH
SYN-002225,2024-07,0,8522.35,36,near_prime,WA
SYN-002226,2024-07,0,9775.91,18,standard,TX
SYN-002227,2024-07,0,2328.88,18,near_prime,WA
SYN-002228,2024-07,0,9258.47,18,standard,CA
SYN-002229,2024-07,0,3408.75,18,near_prime,WA
SYN-002230,2024-07,0,14749.14,12,near_prime,CA
SYN-002231,2024-07,0,15162.87,24,standard,NY
SYN-002232,2024-07,0,9203.24,36,near_prime,TX
SYN-002233,2024-07,0,3047.11,18,near_prime,TX
SYN-002234,2024-07,0,5173.1,36,standard,NY
SYN-002235,2024-07,0,9192.1,36,subprime,GA
SYN-002236,2024-07,0,12688.31,24,near_prime,NY
SYN-002237,2024-07,0,3053.68,36,standard,FL
SYN-002238,2024-07,0,10026.28,36,near_prime,CA
SYN-002239,2024-07,1,10741.85,18,standard,IL
SYN-002240,2024-07,0,9021.78,24,standard,WA
SYN-002241,2024-07,0,18331.24,36,subprime,FL
SYN-002242,2024-07,0,2410.48,36,standard,TX
SYN-002243,2024-07,0,5547.35,24,standard,NY
SYN-002244,2024-07,0,16832.85,18,standard,IL
SYN-002245,2024-07,0,6729.47,36,near_prime,NY
SYN-002246,2024-07,0,16562.74,18,standard,NY
SYN-002247,2024-07,0,7198.32,24,standard,FL
SYN-002248,2024-07,0,13592.54,24,near_prime,WA
SYN-002249,2024-07,0,12260.35,36,near_prime,IL
SYN-002250,2024-07,0,10264.56,24,subprime,IL
SYN-002251,2024-07,0,7465.15,36,near_prime,IL
SYN-002252,2024-07,0,10176.65,24,subprime,IL
SYN-002253,2024-07,0,8370.42,36,near_prime,GA
SYN-002254,2024-07,0,3273.17,12,standard,CA
SYN-002255,2024-08,1,6565.58,24,subprime,GA
SYN-002256,2024-08,0,16576.21,12,near_prime,IL
SYN-002257,2024-08,0,5060.04,18,standard,IL
SYN-002258,2024-08,0,8116.54,18,subprime,WA
SYN-002259,2024-08,0,3841.61,36,standard,FL
SYN-002260,2024-08,0,13906.07,24,near_prime,NY
SYN-002261,2024-08,0,5417.92,36,subprime,NY
SYN-002262,2024-08,0,856.08,24,standard,GA
SYN-002263,2024-08,0,4909.6,12,standard,FL
SYN-002264,2024-08,0,7605.22,36,standard,NY
SYN-002265,2024-08,0,10924.89,24,subprime,GA
SYN-002266,2024-08,1,13266.41,24,subprime,GA
SYN-002267,2024-08,0,7950.91,18,near_prime,NY
SYN-002268,2024-08,0,16702.61,36,standard,CA
SYN-002269,2024-08,0,10770.57,12,standard,GA
SYN-002270,2024-08,0,7163.51,12,standard,GA
SYN-002271,2024-08,0,5312.19,18,near_prime,IL
SYN-002272,2024-08,0,3783.19,18,standard,WA
SYN-002273,2024-08,0,4845.87,18,near_prime,CA
SYN-002274,2024-08,0,10096.99,24,standard,GA
SYN-002275,2024-08,0,17012.54,18,standard,TX
SYN-002276,2024-08,0,2433.2,12,near_prime,FL
SYN-002277,2024-08,0,9123.4,36,standard,NY
SYN-002278,2024-08,0,2163.74,12,standard,TX
SYN-002279,2024-08,0,10595.86,24,standard,FL
SYN-002280,2024-08,0,954.81,18,near_prime,CA
SYN-002281,2024-08,1,16638.64,36,standard,FL
SYN-002282,2024-08,0,5844.39,24,subprime,NY
SYN-002283,2024-08,0,13370.7,18,standard,CA
SYN-002284,2024-08,0,7480.42,12,near_prime,OH
SYN-002285,2024-08,0,7791.8,36,standard,WA
SYN-002286,2024-08,0,11021.25,36,standard,GA
SYN-002287,2024-08,0,15985.3,18,near_prime,WA
SYN-002288,2024-08,0,3271.74,36,subprime,CA
SYN-002289,2024-08,0,4317.04,12,standard,FL
SYN-002290,2024-08,0,11250.61,18,standard,NY
SYN-002291,2024-08,0,16738.91,36,near_prime,OH
SYN-002292,2024-08,1,4423.06,18,standard,FL
SYN-002293,2024-08,0,19702.51,24,subprime,GA
SYN-002294,2024-08,0,18671.86,12,subprime,OH
SYN-002295,2024-08,0,18170.03,36,near_prime,IL
SYN-002296,2024-08,0,4297.82,12,subprime,IL
SYN-002297,2024-08,0,9818.27,24,near_prime,OH
SYN-002298,2024-08,0,6579.84,24,standard,TX
SYN-002299,2024-08,1,16359.11,36,subprime,TX
SYN-002300,2024-08,0,4041.03,36,subprime,IL
SYN-002301,2024-08,0,14289.33,18,near_prime,GA
SYN-002302,2024-08,0,1579.04,12,near_prime,NY
SYN-002303,2024-08,0,15418.82,18,standard,NY
SYN-002304,2024-08,0,1972.24,12,near_prime,TX
SYN-002305,2024-08,0,16997.87,18,near_prime,TX
SYN-002306,2024-08,0,15166.91,24,standard,OH
SYN-002307,2024-08,0,6173.29,24,subprime,FL
SYN-002308,2024-08,0,15585.85,24,standard,NY
SYN-002309,2024-08,0,1193.39,36,near_prime,IL
SYN-002310,2024-08,0,13619.7,36,standard,IL
SYN-002311,2024-08,0,3419.1,18,near_prime,NY
SYN-002312,2024-08,0,3512.67,12,standard,GA
SYN-002313,2024-08,0,8221.46,24,standard,OH
SYN-002314,2024-08,1,14412.97,24,subprime,GA
SYN-002315,2024-08,0,4055.61,36,subprime,WA
SYN-002316,2024-08,0,4971.58,36,near_prime,NY
SYN-002317,2024-08,0,15835.27,24,standard,WA
SYN-002318,2024-08,0,6590.43,36,near_prime,TX
SYN-002319,2024-08,0,950.27,36,standard,FL
SYN-002320,2024-08,0,962.49,18,subprime,WA
SYN-002321,2024-08,0,17050.08,24,standard,FL
SYN-002322,2024-08,1,7640.04,12,subprime,CA
SYN-002323,2024-08,0,15339.31,18,standard,OH
SYN-002324,2024-08,0,11302.65,12,near_prime,TX
SYN-002325,2024-08,0,15887.4,18,standard,TX
SYN-002326,2024-08,0,4761.12,24,standard,FL
SYN-002327,2024-08,0,15141.79,24,standard,GA
SYN-002328,2024-08,0,17269.8,24,standard,OH
SYN-002329,2024-08,0,3547.38,12,near_prime,FL
SYN-002330,2024-08,0,8745.89,18,near_prime,WA
SYN-002331,2024-08,0,11053.08,36,standard,IL
SYN-002332,2024-08,0,5189.91,36,subprime,GA
SYN-002333,2024-08,0,1969.18,12,near_prime,GA
SYN-002334,2024-08,0,9607.82,36,near_prime,OH
SYN-002335,2024-08,0,6586.27,36,near_prime,FL
SYN-002336,2024-08,0,14662.76,24,near_prime,WA
SYN-002337,2024-08,0,16450.68,18,near_prime,IL
SYN-002338,2024-08,1,15591.57,36,subprime,WA
SYN-002339,2024-08,0,14963.69,24,standard,NY
SYN-002340,2024-08,0,6685.57,24,near_prime,NY
SYN-002341,2024-08,0,17611.76,12,standard,IL
SYN-002342,2024-08,1,14177.19,12,standard,TX
SYN-002343,2024-08,0,16344.75,36,standard,NY
SYN-002344,2024-08,0,17912.4,18,subprime,CA
SYN-002345,2024-08,1,14525.94,24,subprime,NY
SYN-002346,2024-08,1,17650.55,36,near_prime,CA
SYN-002347,2024-08,0,17252.67,24,subprime,GA
SYN-002348,2024-08,0,16173.26,24,near_prime,OH
SYN-002349,2024-08,0,5264.05,24,subprime,GA
SYN-002350,2024-08,0,6616.0,18,standard,WA
SYN-002351,2024-08,0,17554.44,12,standard,IL
SYN-002352,2024-08,0,5974.0,24,near_prime,NY
SYN-002353,2024-08,0,7197.3,24,standard,TX
SYN-002354,2024-08,1,3553.56,12,near_prime,NY
SYN-002355,2024-08,0,14435.01,24,near_prime,OH
SYN-002356,2024-08,0,9658.2,36,standard,IL
SYN-002357,2024-08,0,7105.79,12,standard,NY
SYN-002358,2024-08,0,5229.88,12,standard,TX
SYN-002359,2024-08,0,4223.46,24,subprime,NY
SYN-002360,2024-08,0,17167.44,24,standard,GA
SYN-002361,2024-08,0,9869.83,36,near_prime,OH
SYN-002362,2024-08,0,14034.9,12,standard,OH
SYN-002363,2024-08,0,8904.0,24,standard,CA
SYN-002364,2024-09,0,865.87,24,standard,WA
SYN-002365,2024-09,0,8154.95,12,standard,TX
SYN-002366,2024-09,0,2498.8,12,near_prime,WA
SYN-002367,2024-09,0,15151.68,24,near_prime,GA
SYN-002368,2024-09,0,15998.23,12,standard,FL
SYN-002369,2024-09,0,15237.77,18,standard,TX
SYN-002370,2024-09,0,8324.85,36,subprime,CA
SYN-002371,2024-09,0,5847.25,18,near_prime,TX
SYN-002372,2024-09,0,2484.28,24,standard,TX
SYN-002373,2024-09,0,4557.9,12,near_prime,TX
SYN-002374,2024-09,0,12093.6,24,subprime,TX
SYN-002375,2024-09,0,16233.11,12,subprime,TX
SYN-002376,2024-09,0,5562.15,12,standard,CA
SYN-002377,2024-09,0,9242.49,36,near_prime,TX
SYN-002378,2024-09,0,11258.11,18,standard,TX
SYN-002379,2024-09,0,1098.17,18,standard,NY
SYN-002380,2024-09,0,1027.61,24,subprime,NY
SYN-002381,2024-09,0,5011.04,36,standard,NY
SYN-002382,2024-09,0,6878.04,18,subprime,IL
SYN-002383,2024-09,0,11710.01,12,standard,OH
SYN-002384,2024-09,0,2828.61,18,near_prime,FL
SYN-002385,2024-09,1,12730.05,18,subprime,NY
SYN-002386,2024-09,0,13743.17,36,standard,TX
SYN-002387,2024-09,1,12337.8,12,standard,TX
SYN-002388,2024-09,0,8713.22,18,standard,WA
SYN-002389,2024-09,0,8076.95,24,standard,FL
SYN-002390,2024-09,0,7051.25,18,near_prime,GA
SYN-002391,2024-09,0,854.12,36,near_prime,CA
SYN-002392,2024-09,0,10079.79,18,standard,FL
SYN-002393,2024-09,0,3933.96,12,standard,TX
SYN-002394,2024-09,0,6956.82,18,standard,IL
SYN-002395,2024-09,0,20532.21,24,subprime,FL
SYN-002396,2024-09,0,4949.25,36,near_prime,FL
SYN-002397,2024-09,0,13566.0,24,near_prime,IL
SYN-002398,2024-09,0,1159.3,12,standard,NY
SYN-002399,2024-09,0,12631.51,18,standard,CA
SYN-002400,2024-09,1,1146.39,36,near_prime,NY
SYN-002401,2024-09,0,13767.36,36,near_prime,NY
SYN-002402,2024-09,0,12656.1,24,standard,NY
SYN-002403,2024-09,0,7529.57,24,subprime,WA
SYN-002404,2024-09,0,8425.57,12,standard,FL
SYN-002405,2024-09,0,16137.96,18,near_prime,TX
SYN-002406,2024-09,0,18319.01,36,near_prime,NY
SYN-002407,2024-09,0,2514.35,24,near_prime,TX
SYN-002408,2024-09,1,14008.66,36,subprime,NY
SYN-002409,2024-09,0,2455.13,24,standard,NY
SYN-002410,2024-09,0,12995.24,18,near_prime,CA
SYN-002411,2024-09,0,10884.78,18,subprime,TX
SYN-002412,2024-09,0,11116.96,24,near_prime,WA
SYN-002413,2024-09,0,10646.28,18,standard,CA
SYN-002414,2024-09,1,4208.04,18,standard,FL
SYN-002415,2024-09,0,4500.56,18,near_prime,OH
SYN-002416,2024-09,0,3180.92,12,near_prime,WA
SYN-002417,2024-09,0,16378.94,24,standard,TX
SYN-002418,2024-09,0,4157.85,36,subprime,FL
SYN-002419,2024-09,0,16604.34,12,standard,TX
SYN-002420,2024-09,0,2719.38,18,near_prime,WA
SYN-002421,2024-09,0,4123.82,18,subprime,OH
SYN-002422,2024-09,0,5406.05,18,standard,CA
SYN-002423,2024-09,0,6030.96,36,near_prime,TX
SYN-002424,2024-09,0,3043.99,12,standard,TX
SYN-002425,2024-09,0,7784.54,18,standard,NY
SYN-002426,2024-09,0,5056.55,12,standard,TX
SYN-002427,2024-09,0,10575.31,24,near_prime,IL
SYN-002428,2024-09,0,3210.39,18,standard,NY
SYN-002429,2024-09,0,14783.5,12,near_prime,TX
SYN-002430,2024-09,0,12019.22,12,standard,FL
SYN-002431,2024-09,0,18371.71,24,standard,CA
SYN-002432,2024-09,0,13028.64,12,standard,TX
SYN-002433,2024-09,0,4170.47,12,near_prime,WA
SYN-002434,2024-09,0,11965.97,12,near_prime,WA
SYN-002435,2024-09,0,2838.29,24,standard,TX
SYN-002436,2024-09,0,3418.6,36,standard,TX
SYN-002437,2024-09,0,15391.12,24,near_prime,WA
SYN-002438,2024-09,1,1514.78,36,standard,CA
SYN-002439,2024-09,0,5424.75,18,near_prime,TX
SYN-002440,2024-09,0,9931.27,18,standard,NY
SYN-002441,2024-09,0,14919.29,18,standard,CA
SYN-002442,2024-09,0,15341.93,36,standard,CA
SYN-002443,2024-09,0,1738.75,18,standard,OH
SYN-002444,2024-09,0,14721.46,12,standard,FL
SYN-002445,2024-09,0,1874.6,12,near_prime,IL
SYN-002446,2024-09,0,3449.4,12,subprime,FL
SYN-002447,2024-09,0,9183.46,18,standard,NY
SYN-002448,2024-09,0,1935.74,24,standard,FL
SYN-002449,2024-09,0,11757.62,24,standard,IL
SYN-002450,2024-09,0,3607.09,18,standard,FL
SYN-002451,2024-09,0,13636.55,36,standard,IL
SYN-002452,2024-09,0,16259.96,36,near_prime,GA
SYN-002453,2024-09,0,17546.71,24,near_prime,CA
SYN-002454,2024-09,0,14759.26,24,near_prime,IL
SYN-002455,2024-09,0,16118.78,12,near_prime,IL
SYN-002456,2024-09,0,5752.24,24,standard,CA
SYN-002457,2024-09,0,13734.81,24,standard,FL
SYN-002458,2024-09,0,6526.44,18,subprime,CA
SYN-002459,2024-09,1,6816.74,24,standard,IL
SYN-002460,2024-09,0,17021.8,18,near_prime,NY
SYN-002461,2024-09,0,6165.83,24,subprime,NY
SYN-002462,2024-09,0,17325.07,12,subprime,OH
SYN-002463,2024-09,0,14736.5,12,standard,TX
SYN-002464,2024-09,0,4304.43,18,standard,NY
SYN-002465,2024-09,0,7997.65,12,near_prime,OH
SYN-002466,2024-09,0,6595.71,36,standard,GA
SYN-002467,2024-09,0,13549.06,12,standard,CA
SYN-002468,2024-09,0,1518.4,12,subprime,FL
SYN-002469,2024-09,0,11583.37,12,subprime,OH
SYN-002470,2024-09,0,9603.12,24,standard,GA
SYN-002471,2024-09,0,18878.84,18,subprime,WA
SYN-002472,2024-09,0,1825.63,24,near_prime,IL
SYN-002473,2024-10,0,4797.44,36,standard,CA
SYN-002474,2024-10,0,14190.43,36,standard,FL
SYN-002475,2024-10,0,13266.7,18,subprime,WA
SYN-002476,2024-10,0,2158.38,24,standard,IL
SYN-002477,2024-10,0,10289.06,12,near_prime,WA
SYN-002478,2024-10,0,17359.98,36,near_prime,CA
SYN-002479,2024-10,0,2498.94,18,standard,CA
SYN-002480,2024-10,0,18727.15,12,subprime,GA
SYN-002481,2024-10,0,11551.47,12,standard,TX
SYN-002482,2024-10,0,13989.35,12,standard,IL
SYN-002483,2024-10,0,8162.21,36,subprime,TX
SYN-002484,2024-10,0,15799.54,36,standard,FL
SYN-002485,2024-10,0,18215.38,24,standard,TX
SYN-002486,2024-10,0,16665.58,12,near_prime,NY
SYN-002487,2024-10,0,5002.43,18,standard,WA
SYN-002488,2024-10,0,2997.23,12,standard,CA
SYN-002489,2024-10,0,1640.6,24,standard,TX
SYN-002490,2024-10,0,6736.73,18,subprime,OH
SYN-002491,2024-10,0,12784.91,18,subprime,GA
SYN-002492,2024-10,0,10937.06,36,standard,OH
SYN-002493,2024-10,0,10043.16,18,near_prime,GA
SYN-002494,2024-10,0,10867.07,18,standard,CA
SYN-002495,2024-10,0,16505.89,18,standard,TX
SYN-002496,2024-10,0,14611.93,18,near_prime,GA
SYN-002497,2024-10,0,10709.32,12,standard,OH
SYN-002498,2024-10,0,12132.24,36,near_prime,CA
SYN-002499,2024-10,0,3878.29,18,standard,NY
SYN-002500,2024-10,0,4701.03,24,standard,FL
SYN-002501,2024-10,0,10732.41,12,standard,CA
SYN-002502,2024-10,0,20461.22,12,subprime,GA
SYN-002503,2024-10,0,10521.76,18,standard,FL
SYN-002504,2024-10,0,5508.88,36,standard,TX
SYN-002505,2024-10,1,5329.55,36,subprime,FL
SYN-002506,2024-10,0,15088.01,24,standard,TX
SYN-002507,2024-10,0,4199.12,24,standard,IL
SYN-002508,2024-10,0,6454.55,12,subprime,FL
SYN-002509,2024-10,0,4760.1,12,standard,GA
SYN-002510,2024-10,0,8843.92,12,subprime,GA
SYN-002511,2024-10,0,2128.5,18,standard,CA
SYN-002512,2024-10,0,1972.14,12,near_prime,IL
SYN-002513,2024-10,0,2094.98,24,standard,FL
SYN-002514,2024-10,0,11541.4,36,subprime,CA
SYN-002515,2024-10,0,4703.04,24,standard,OH
SYN-002516,2024-10,0,5782.57,18,standard,FL
SYN-002517,2024-10,0,14304.5,36,standard,WA
SYN-002518,2024-10,0,14936.41,36,near_prime,GA
SYN-002519,2024-10,0,20908.25,12,subprime,GA
SYN-002520,2024-10,0,14652.14,24,subprime,NY
SYN-002521,2024-10,0,2378.61,18,standard,FL
SYN-002522,2024-10,0,17010.0,36,near_prime,TX
SYN-002523,2024-10,1,4427.03,18,standard,FL
SYN-002524,2024-10,0,2793.37,36,near_prime,WA
SYN-002525,2024-10,0,9574.74,24,near_prime,OH
SYN-002526,2024-10,0,12621.41,24,near_prime,FL
SYN-002527,2024-10,0,7495.13,18,subprime,CA
SYN-002528,2024-10,1,2843.88,24,subprime,OH
SYN-002529,2024-10,0,5227.23,12,near_prime,FL
SYN-002530,2024-10,0,16001.35,36,subprime,FL
SYN-002531,2024-10,0,15561.05,12,near_prime,FL
SYN-002532,2024-10,0,4222.92,36,near_prime,OH
SYN-002533,2024-10,0,12955.99,36,standard,NY
SYN-002534,2024-10,0,11898.67,12,subprime,WA
SYN-002535,2024-10,1,6790.94,36,standard,GA
SYN-002536,2024-10,0,17209.77,12,standard,GA
SYN-002537,2024-10,0,11025.53,36,subprime,CA
SYN-002538,2024-10,0,839.85,18,standard,FL
SYN-002539,2024-10,0,6982.68,18,near_prime,WA
SYN-002540,2024-10,0,6730.4,36,near_prime,GA
SYN-002541,2024-10,0,13765.07,18,standard,WA
SYN-002542,2024-10,0,17949.82,12,standard,IL
SYN-002543,2024-10,0,11834.83,24,near_prime,FL
SYN-002544,2024-10,0,17058.97,24,near_prime,NY
SYN-002545,2024-10,0,10398.4,24,standard,FL
SYN-002546,2024-10,0,11519.08,12,standard,OH
SYN-002547,2024-10,0,9783.37,12,standard,WA
SYN-002548,2024-10,0,5709.14,36,subprime,FL
SYN-002549,2024-10,0,11695.82,24,near_prime,TX
SYN-002550,2024-10,0,12547.35,36,standard,GA
SYN-002551,2024-10,0,15969.32,36,standard,FL
SYN-002552,2024-10,0,3555.72,18,subprime,WA
SYN-002553,2024-10,0,811.59,18,standard,WA
SYN-002554,2024-10,0,5567.09,12,near_prime,GA
SYN-002555,2024-10,1,11765.84,36,standard,TX
SYN-002556,2024-10,0,16725.87,18,near_prime,WA
SYN-002557,2024-10,0,4031.24,36,standard,FL
SYN-002558,2024-10,0,15229.51,24,standard,FL
SYN-002559,2024-10,0,13886.68,24,standard,NY
SYN-002560,2024-10,0,4880.43,12,subprime,TX
SYN-002561,2024-10,0,17013.15,18,standard,OH
SYN-002562,2024-10,0,17526.93,36,near_prime,GA
SYN-002563,2024-10,0,5431.73,18,subprime,WA
SYN-002564,2024-10,0,16029.97,12,near_prime,WA
SYN-002565,2024-10,0,12231.03,24,near_prime,WA
SYN-002566,2024-10,0,6471.81,36,near_prime,IL
SYN-002567,2024-10,0,4236.62,12,near_prime,TX
SYN-002568,2024-10,0,3224.12,36,subprime,NY
SYN-002569,2024-10,1,13272.94,18,standard,WA
SYN-002570,2024-10,0,6244.17,24,near_prime,WA
SYN-002571,2024-10,0,4633.75,18,near_prime,GA
SYN-002572,2024-10,0,15771.99,12,standard,WA
SYN-002573,2024-10,0,17788.46,24,near_prime,TX
SYN-002574,2024-10,0,14424.74,12,standard,OH
SYN-002575,2024-10,0,10167.05,12,standard,CA
SYN-002576,2024-10,0,15577.95,36,standard,NY
SYN-002577,2024-10,0,11642.67,24,subprime,WA
SYN-002578,2024-10,0,16958.2,36,standard,GA
SYN-002579,2024-10,0,8761.1,36,standard,FL
SYN-002580,2024-10,0,6780.66,24,standard,IL
SYN-002581,2024-10,0,6809.79,36,standard,WA
SYN-002582,2024-10,0,15695.9,24,standard,TX
SYN-002583,2024-10,1,17456.77,36,subprime,CA
SYN-002584,2024-11,0,3560.19,24,near_prime,NY
SYN-002585,2024-11,0,4984.66,12,near_prime,TX
SYN-002586,2024-11,0,6534.39,36,near_prime,GA
SYN-002587,2024-11,0,4024.04,12,standard,GA
SYN-002588,2024-11,0,11773.33,36,standard,NY
SYN-002589,2024-11,0,16709.98,36,standard,GA
SYN-002590,2024-11,0,912.67,24,near_prime,FL
SYN-002591,2024-11,0,6780.47,12,subprime,FL
SYN-002592,2024-11,0,15096.81,12,standard,TX
SYN-002593,2024-11,0,11536.45,12,near_prime,CA
SYN-002594,2024-11,0,943.63,12,standard,OH
SYN-002595,2024-11,0,13500.54,36,near_prime,OH
SYN-002596,2024-11,0,13299.15,36,standard,WA
SYN-002597,2024-11,0,6479.02,24,standard,FL
SYN-002598,2024-11,0,16070.46,12,standard,OH
SYN-002599,2024-11,0,12440.9,18,standard,FL
SYN-002600,2024-11,0,17798.21,36,standard,NY
SYN-002601,2024-11,0,14733.65,18,near_prime,FL
SYN-002602,2024-11,0,19770.5,24,subprime,NY
SYN-002603,2024-11,0,16403.59,12,standard,TX
SYN-002604,2024-11,0,4982.02,18,standard,WA
SYN-002605,2024-11,0,5128.02,18,standard,IL
SYN-002606,2024-11,0,9457.13,36,standard,NY
SYN-002607,2024-11,0,7757.55,18,near_prime,IL
SYN-002608,2024-11,0,12677.23,36,subprime,FL
SYN-002609,2024-11,0,13206.43,36,subprime,OH
SYN-002610,2024-11,0,1781.24,18,near_prime,OH
SYN-002611,2024-11,0,4592.0,24,standard,NY
SYN-002612,2024-11,0,1296.99,12,near_prime,CA
SYN-002613,2024-11,0,3866.81,12,standard,OH
SYN-002614,2024-11,0,9754.7,36,standard,WA
SYN-002615,2024-11,0,7125.35,18,standard,CA
SYN-002616,2024-11,0,17129.09,12,standard,IL
SYN-002617,2024-11,0,7664.96,12,near_prime,WA
SYN-002618,2024-11,0,1975.43,18,near_prime,TX
SYN-002619,2024-11,0,3441.11,18,near_prime,WA
SYN-002620,2024-11,0,2436.81,18,standard,NY
SYN-002621,2024-11,0,15371.51,12,near_prime,TX
SYN-002622,2024-11,0,11304.68,12,near_prime,GA
SYN-002623,2024-11,0,3471.49,18,near_prime,OH
SYN-002624,2024-11,0,14122.08,18,standard,TX
SYN-002625,2024-11,0,7571.7,12,near_prime,TX
SYN-002626,2024-11,0,1364.94,18,standard,OH
SYN-002627,2024-11,0,4949.3,18,subprime,GA
SYN-002628,2024-11,0,4488.71,12,standard,IL
SYN-002629,2024-11,0,2634.24,24,standard,CA
SYN-002630,2024-11,0,12889.84,18,standard,WA
SYN-002631,2024-11,1,3975.86,24,subprime,NY
SYN-002632,2024-11,0,7291.07,24,standard,TX
SYN-002633,2024-11,0,15900.94,12,subprime,WA
SYN-002634,2024-11,0,13093.72,36,near_prime,NY
SYN-002635,2024-11,0,3335.13,24,subprime,WA
SYN-002636,2024-11,1,7656.43,18,standard,TX
SYN-002637,2024-11,0,16766.8,12,subprime,CA
SYN-002638,2024-11,0,7204.26,18,standard,IL
SYN-002639,2024-11,0,11403.48,12,near_prime,TX
SYN-002640,2024-11,0,16056.77,12,standard,IL
SYN-002641,2024-11,0,17529.2,12,standard,FL
SYN-002642,2024-11,0,14851.95,12,subprime,IL
SYN-002643,2024-11,0,1838.07,12,near_prime,GA
SYN-002644,2024-11,0,12408.94,36,subprime,IL
SYN-002645,2024-11,0,7364.72,24,standard,FL
SYN-002646,2024-11,0,6034.83,12,subprime,OH
SYN-002647,2024-11,0,2756.92,12,standard,TX
SYN-002648,2024-11,0,1271.62,36,near_prime,GA
SYN-002649,2024-11,0,17494.81,36,standard,CA
SYN-002650,2024-11,0,15178.35,24,standard,CA
SYN-002651,2024-11,0,3122.04,24,subprime,NY
SYN-002652,2024-11,0,8031.99,12,standard,NY
SYN-002653,2024-11,0,17947.32,24,standard,IL
SYN-002654,2024-11,0,4331.05,36,standard,CA
SYN-002655,2024-11,0,8501.2,24,near_prime,WA
SYN-002656,2024-11,0,13250.32,24,standard,CA
SYN-002657,2024-11,0,18495.73,18,standard,OH
SYN-002658,2024-11,0,17984.22,36,subprime,WA
SYN-002659,2024-11,0,10085.7,18,standard,CA
SYN-002660,2024-11,0,5508.28,36,near_prime,WA
SYN-002661,2024-11,1,1241.32,12,standard,OH
SYN-002662,2024-11,0,3000.52,24,standard,IL
SYN-002663,2024-11,0,10426.64,12,standard,IL
SYN-002664,2024-11,0,6376.33,12,standard,IL
SYN-002665,2024-11,0,9682.5,24,standard,OH
SYN-002666,2024-11,0,8960.23,36,subprime,NY
SYN-002667,2024-11,0,8570.61,12,standard,IL
SYN-002668,2024-11,0,16872.94,12,near_prime,CA
SYN-002669,2024-11,0,10907.02,18,standard,WA
SYN-002670,2024-11,0,4533.56,24,standard,OH
SYN-002671,2024-11,0,2283.7,24,subprime,FL
SYN-002672,2024-11,0,9070.65,36,near_prime,FL
SYN-002673,2024-11,0,8070.13,18,near_prime,IL
SYN-002674,2024-11,0,17276.73,12,near_prime,OH
SYN-002675,2024-11,0,19187.53,12,subprime,IL
SYN-002676,2024-11,0,11264.77,12,subprime,IL
SYN-002677,2024-11,0,3246.86,12,standard,WA
SYN-002678,2024-11,0,13852.79,18,standard,WA
SYN-002679,2024-11,1,1004.15,18,standard,CA
SYN-002680,2024-11,0,6467.51,12,standard,NY
SYN-002681,2024-11,0,2306.77,36,standard,TX
SYN-002682,2024-11,0,11319.33,36,subprime,FL
SYN-002683,2024-11,0,8295.5,18,standard,OH
SYN-002684,2024-11,0,1685.45,12,standard,TX
SYN-002685,2024-11,0,14791.33,36,standard,OH
SYN-002686,2024-11,0,13994.56,18,subprime,NY
SYN-002687,2024-11,0,7479.75,12,standard,GA
SYN-002688,2024-11,0,12127.98,36,near_prime,GA
SYN-002689,2024-11,0,5201.19,24,standard,IL
SYN-002690,2024-11,0,6329.37,12,standard,WA
SYN-002691,2024-11,0,3319.41,24,near_prime,GA
SYN-002692,2024-11,0,10476.8,12,standard,NY
SYN-002693,2024-11,0,7882.31,18,standard,FL
SYN-002694,2024-11,0,8964.06,18,subprime,OH
SYN-002695,2024-11,1,2006.25,12,standard,IL
SYN-002696,2024-11,0,18477.18,12,near_prime,NY
SYN-002697,2024-11,0,14172.19,18,standard,GA
SYN-002698,2024-11,0,4576.19,36,near_prime,NY
SYN-002699,2024-11,0,5304.87,12,near_prime,CA
SYN-002700,2024-11,0,8254.24,24,subprime,IL
SYN-002701,2024-11,0,2523.3,24,near_prime,IL
SYN-002702,2024-11,1,14742.25,36,standard,OH
SYN-002703,2024-11,0,19877.79,12,subprime,IL
SYN-002704,2024-11,0,10946.25,12,standard,CA
SYN-002705,2024-11,1,10318.41,18,subprime,IL
SYN-002706,2024-11,0,15805.9,12,standard,FL
SYN-002707,2024-11,0,13674.24,24,subprime,NY
SYN-002708,2024-11,0,11097.32,36,standard,IL
SYN-002709,2024-11,0,16141.16,24,standard,WA
SYN-002710,2024-11,0,1923.51,12,subprime,FL
SYN-002711,2024-11,0,12967.91,36,near_prime,GA
SYN-002712,2024-11,1,1825.56,12,subprime,CA
SYN-002713,2024-11,0,11349.32,36,near_prime,GA
SYN-002714,2024-11,0,14102.27,12,subprime,WA
SYN-002715,2024-11,0,7508.0,12,standard,IL
SYN-002716,2024-11,0,7000.31,24,subprime,GA
SYN-002717,2024-11,0,14810.42,24,subprime,GA
SYN-002718,2024-11,0,8065.15,24,standard,CA
SYN-002719,2024-11,0,19878.5,24,subprime,OH
SYN-002720,2024-12,0,1316.56,36,standard,WA
SYN-002721,2024-12,0,4834.01,12,subprime,WA
SYN-002722,2024-12,0,7958.53,36,standard,FL
SYN-002723,2024-12,0,6756.18,24,standard,WA
SYN-002724,2024-12,0,6942.32,12,standard,GA
SYN-002725,2024-12,0,4105.26,18,near_prime,OH
SYN-002726,2024-12,0,16399.97,36,standard,WA
SYN-002727,2024-12,0,7705.54,12,standard,TX
SYN-002728,2024-12,0,16919.72,24,near_prime,GA
SYN-002729,2024-12,0,1044.56,12,subprime,GA
SYN-002730,2024-12,1,9553.26,18,standard,WA
SYN-002731,2024-12,0,14705.0,12,standard,FL
SYN-002732,2024-12,0,9236.01,24,subprime,GA
SYN-002733,2024-12,0,13728.91,18,near_prime,NY
SYN-002734,2024-12,0,16455.61,24,standard,GA
SYN-002735,2024-12,0,11754.76,36,subprime,FL
SYN-002736,2024-12,0,5485.67,18,standard,NY
SYN-002737,2024-12,0,16352.1,24,standard,IL
SYN-002738,2024-12,0,12762.03,36,near_prime,IL
SYN-002739,2024-12,0,6792.14,18,standard,TX
SYN-002740,2024-12,0,17517.02,18,near_prime,IL
SYN-002741,2024-12,0,11681.55,36,standard,TX
SYN-002742,2024-12,0,16750.72,36,standard,IL
SYN-002743,2024-12,1,12809.77,18,standard,GA
SYN-002744,2024-12,1,15307.77,36,standard,CA
SYN-002745,2024-12,0,2289.31,36,subprime,IL
SYN-002746,2024-12,0,12045.55,12,standard,NY
SYN-002747,2024-12,0,10452.14,18,standard,WA
SYN-002748,2024-12,0,18854.72,12,subprime,TX
SYN-002749,2024-12,0,13458.25,36,standard,TX
SYN-002750,2024-12,0,7949.4,18,subprime,WA
SYN-002751,2024-12,0,8366.71,18,standard,TX
SYN-002752,2024-12,0,11765.88,36,standard,CA
SYN-002753,2024-12,0,12321.12,24,standard,FL
SYN-002754,2024-12,0,17798.11,24,standard,GA
SYN-002755,2024-12,0,11661.21,18,subprime,CA
SYN-002756,2024-12,0,18239.52,36,standard,OH
SYN-002757,2024-12,0,15663.5,18,near_prime,TX
SYN-002758,2024-12,0,21000.12,36,subprime,FL
SYN-002759,2024-12,0,17848.06,18,subprime,NY
SYN-002760,2024-12,0,14824.57,18,near_prime,OH
SYN-002761,2024-12,0,17083.13,18,near_prime,FL
SYN-002762,2024-12,0,9909.91,12,standard,NY
SYN-002763,2024-12,0,2943.94,12,near_prime,CA
SYN-002764,2024-12,0,13042.47,36,near_prime,CA
SYN-002765,2024-12,1,11258.78,36,subprime,TX
SYN-002766,2024-12,0,4774.24,36,subprime,NY
SYN-002767,2024-12,0,6809.98,24,subprime,TX
SYN-002768,2024-12,0,14165.57,36,standard,FL
SYN-002769,2024-12,0,6275.14,24,near_prime,CA
SYN-002770,2024-12,0,13780.03,12,near_prime,FL
SYN-002771,2024-12,0,15267.44,24,near_prime,GA
SYN-002772,2024-12,1,2119.23,12,standard,GA
SYN-002773,2024-12,1,14526.14,36,subprime,GA
SYN-002774,2024-12,0,7007.99,12,subprime,NY
SYN-002775,2024-12,1,952.28,36,subprime,IL
SYN-002776,2024-12,0,9108.98,12,standard,NY
SYN-002777,2024-12,0,10503.76,24,standard,GA
SYN-002778,2024-12,0,11542.72,12,near_prime,TX
SYN-002779,2024-12,1,18411.62,36,standard,CA
SYN-002780,2024-12,0,11267.11,18,standard,OH
SYN-002781,2024-12,0,1395.77,18,subprime,FL
SYN-002782,2024-12,0,13217.3,24,standard,FL
SYN-002783,2024-12,1,6158.24,12,standard,WA
SYN-002784,2024-12,0,20068.87,36,subprime,TX
SYN-002785,2024-12,0,8887.45,12,standard,IL
SYN-002786,2024-12,0,4072.34,12,standard,FL
SYN-002787,2024-12,0,11571.36,36,standard,FL
SYN-002788,2024-12,0,11475.91,36,near_prime,OH
SYN-002789,2024-12,0,13316.25,24,near_prime,FL
SYN-002790,2024-12,0,10597.87,24,near_prime,CA
SYN-002791,2024-12,0,14597.19,18,standard,FL
SYN-002792,2024-12,1,8393.72,12,subprime,CA
SYN-002793,2024-12,0,7867.58,24,near_prime,OH
SYN-002794,2024-12,0,15442.87,24,near_prime,FL
SYN-002795,2024-12,0,17075.9,24,standard,IL
SYN-002796,2024-12,0,2374.58,18,near_prime,OH
SYN-002797,2024-12,0,3211.62,36,near_prime,WA
SYN-002798,2024-12,0,1966.63,24,near_prime,CA
SYN-002799,2024-12,0,10966.19,12,near_prime,TX
SYN-002800,2024-12,1,14291.96,24,subprime,CA
SYN-002801,2024-12,0,4825.21,36,standard,NY
SYN-002802,2024-12,0,8984.05,36,near_prime,CA
SYN-002803,2024-12,0,6139.54,12,subprime,IL
SYN-002804,2024-12,0,6591.95,24,standard,OH
SYN-002805,2024-12,0,10629.39,18,standard,FL
SYN-002806,2024-12,0,5738.81,36,standard,TX
SYN-002807,2024-12,0,17062.16,18,subprime,IL
SYN-002808,2024-12,0,2602.19,12,subprime,FL
SYN-002809,2024-12,0,10738.2,36,standard,OH
SYN-002810,2024-12,0,5262.45,24,subprime,NY
SYN-002811,2024-12,0,17055.61,36,standard,IL
SYN-002812,2024-12,0,9783.01,36,subprime,NY
SYN-002813,2024-12,0,21202.86,24,subprime,IL
SYN-002814,2024-12,0,7391.25,18,subprime,IL
SYN-002815,2024-12,1,3240.83,12,standard,OH
SYN-002816,2024-12,0,15263.92,36,subprime,WA
SYN-002817,2024-12,0,17808.3,18,near_prime,CA
SYN-002818,2024-12,0,10372.91,24,standard,CA
SYN-002819,2024-12,0,13187.12,12,standard,NY
SYN-002820,2024-12,0,2275.02,12,near_prime,GA
SYN-002821,2024-12,0,18257.16,12,near_prime,OH
SYN-002822,2024-12,1,1755.51,18,standard,WA
SYN-002823,2024-12,1,7334.41,24,subprime,FL
SYN-002824,2024-12,0,19096.38,18,subprime,WA
SYN-002825,2024-12,0,2131.55,18,subprime,CA
SYN-002826,2024-12,0,2764.59,18,near_prime,WA
SYN-002827,2024-12,0,14245.94,24,subprime,WA
SYN-002828,2024-12,0,5800.6,36,near_prime,NY
SYN-002829,2024-12,0,10358.52,12,subprime,WA
SYN-002830,2024-12,0,16968.16,12,standard,IL
SYN-002831,2024-12,1,13581.64,24,subprime,TX
SYN-002832,2024-12,0,6963.31,12,near_prime,IL
SYN-002833,2024-12,0,10406.87,12,near_prime,WA
SYN-002834,2024-12,0,13470.88,18,subprime,NY
SYN-002835,2024-12,0,14884.03,24,subprime,TX
SYN-002836,2024-12,0,8013.76,36,near_prime,CA
SYN-002837,2024-12,0,8383.98,12,standard,OH
